[
    {
        "model": "contenttypes.contenttype",
        "pk": 1,
        "fields": {
            "app_label": "admin",
            "model": "logentry"
        }
    },
    {
        "model": "contenttypes.contenttype",
        "pk": 2,
        "fields": {
            "app_label": "auth",
            "model": "permission"
        }
    },
    {
        "model": "contenttypes.contenttype",
        "pk": 3,
        "fields": {
            "app_label": "auth",
            "model": "group"
        }
    },
    {
        "model": "contenttypes.contenttype",
        "pk": 4,
        "fields": {
            "app_label": "auth",
            "model": "user"
        }
    },
    {
        "model": "contenttypes.contenttype",
        "pk": 5,
        "fields": {
            "app_label": "contenttypes",
            "model": "contenttype"
        }
    },
    {
        "model": "contenttypes.contenttype",
        "pk": 6,
        "fields": {
            "app_label": "sessions",
            "model": "session"
        }
    },
    {
        "model": "contenttypes.contenttype",
        "pk": 7,
        "fields": {
            "app_label": "rap",
            "model": "author"
        }
    },
    {
        "model": "contenttypes.contenttype",
        "pk": 8,
        "fields": {
            "app_label": "rap",
            "model": "blog"
        }
    },
    {
        "model": "contenttypes.contenttype",
        "pk": 9,
        "fields": {
            "app_label": "rap",
            "model": "entry"
        }
    },
    {
        "model": "contenttypes.contenttype",
        "pk": 10,
        "fields": {
            "app_label": "rap",
            "model": "project"
        }
    },
    {
        "model": "contenttypes.contenttype",
        "pk": 11,
        "fields": {
            "app_label": "rap",
            "model": "gtrcategory"
        }
    },
    {
        "model": "contenttypes.contenttype",
        "pk": 12,
        "fields": {
            "app_label": "rap",
            "model": "hecategory"
        }
    },
    {
        "model": "contenttypes.contenttype",
        "pk": 13,
        "fields": {
            "app_label": "rap",
            "model": "heresearcharea"
        }
    },
    {
        "model": "sessions.session",
        "pk": "6cv1rhvq8ph1xahyngzo6t07dvttnao4",
        "fields": {
            "session_data": "ZDZjOGQxZTg0NDVmN2JmZGQ4ZjgwNDljNGFmN2MzMGJhZjk3NjkwNDp7Il9hdXRoX3VzZXJfaWQiOiIxIiwiX2F1dGhfdXNlcl9iYWNrZW5kIjoiZGphbmdvLmNvbnRyaWIuYXV0aC5iYWNrZW5kcy5Nb2RlbEJhY2tlbmQiLCJfYXV0aF91c2VyX2hhc2giOiI5YjBiM2U4NGM2ZTIwNTYzZTY1ZmYzMTczMDFiMjA4YzZmYjkyOTRmIn0=",
            "expire_date": "2020-03-31T14:28:20.795Z"
        }
    },
    {
        "model": "rap.hecategory",
        "pk": 64,
        "fields": {
            "name": "Adapt"
        }
    },
    {
        "model": "rap.hecategory",
        "pk": 65,
        "fields": {
            "name": "Conserve"
        }
    },
    {
        "model": "rap.hecategory",
        "pk": 66,
        "fields": {
            "name": "Diversity"
        }
    },
    {
        "model": "rap.hecategory",
        "pk": 67,
        "fields": {
            "name": "Inform"
        }
    },
    {
        "model": "rap.hecategory",
        "pk": 68,
        "fields": {
            "name": "Innovate"
        }
    },
    {
        "model": "rap.hecategory",
        "pk": 69,
        "fields": {
            "name": "Inspire"
        }
    },
    {
        "model": "rap.hecategory",
        "pk": 70,
        "fields": {
            "name": "Skill"
        }
    },
    {
        "model": "rap.hecategory",
        "pk": 71,
        "fields": {
            "name": "Understand"
        }
    },
    {
        "model": "rap.hecategory",
        "pk": 72,
        "fields": {
            "name": "Value"
        }
    },
    {
        "model": "rap.gtrcategory",
        "pk": 1,
        "fields": {
            "name": "Archaeology of Human Origins"
        }
    },
    {
        "model": "rap.gtrcategory",
        "pk": 2,
        "fields": {
            "name": "Prehistoric Archaeology"
        }
    },
    {
        "model": "rap.gtrcategory",
        "pk": 3,
        "fields": {
            "name": "Archaeology of Literate Societies"
        }
    },
    {
        "model": "rap.gtrcategory",
        "pk": 4,
        "fields": {
            "name": "Archaeological Theory"
        }
    },
    {
        "model": "rap.gtrcategory",
        "pk": 5,
        "fields": {
            "name": "Science-Based Archaeology"
        }
    },
    {
        "model": "rap.gtrcategory",
        "pk": 6,
        "fields": {
            "name": "Landscape and Environmental Archaeology"
        }
    },
    {
        "model": "rap.gtrcategory",
        "pk": 7,
        "fields": {
            "name": "Heritage Management"
        }
    },
    {
        "model": "rap.gtrcategory",
        "pk": 8,
        "fields": {
            "name": "Architecture HTP"
        }
    },
    {
        "model": "rap.gtrcategory",
        "pk": 9,
        "fields": {
            "name": "Environmental Planning"
        }
    },
    {
        "model": "rap.heresearcharea",
        "pk": 156,
        "fields": {
            "hecategory": 64,
            "name": "Climate change",
            "gtrs": "{9}"
        }
    },
    {
        "model": "rap.heresearcharea",
        "pk": 157,
        "fields": {
            "hecategory": 64,
            "name": "Heritage crime",
            "gtrs": "{7}"
        }
    },
    {
        "model": "rap.heresearcharea",
        "pk": 158,
        "fields": {
            "hecategory": 64,
            "name": "Land management",
            "gtrs": "{6, 7}"
        }
    },
    {
        "model": "rap.heresearcharea",
        "pk": 159,
        "fields": {
            "hecategory": 64,
            "name": "Local planning",
            "gtrs": "{6}"
        }
    },
    {
        "model": "rap.heresearcharea",
        "pk": 160,
        "fields": {
            "hecategory": 64,
            "name": "National planning and infrastructure",
            "gtrs": "{5, 6, 7}"
        }
    },
    {
        "model": "rap.heresearcharea",
        "pk": 161,
        "fields": {
            "hecategory": 64,
            "name": "Societal change",
            "gtrs": "{6}"
        }
    },
    {
        "model": "rap.heresearcharea",
        "pk": 162,
        "fields": {
            "hecategory": 65,
            "name": "Buildings and landscapes",
            "gtrs": "{6}"
        }
    },
    {
        "model": "rap.heresearcharea",
        "pk": 163,
        "fields": {
            "hecategory": 65,
            "name": "Collections and archives",
            "gtrs": "{7}"
        }
    },
    {
        "model": "rap.heresearcharea",
        "pk": 164,
        "fields": {
            "hecategory": 65,
            "name": "Preserving archaeological remains",
            "gtrs": "{7}"
        }
    },
    {
        "model": "rap.heresearcharea",
        "pk": 165,
        "fields": {
            "hecategory": 66,
            "name": "Exploring diversity",
            "gtrs": "set()"
        }
    },
    {
        "model": "rap.heresearcharea",
        "pk": 166,
        "fields": {
            "hecategory": 66,
            "name": "Workforce diversity",
            "gtrs": "set()"
        }
    },
    {
        "model": "rap.heresearcharea",
        "pk": 167,
        "fields": {
            "hecategory": 67,
            "name": "Information systems and services",
            "gtrs": "set()"
        }
    },
    {
        "model": "rap.heresearcharea",
        "pk": 168,
        "fields": {
            "hecategory": 67,
            "name": "New narratives from 'big data'",
            "gtrs": "set()"
        }
    },
    {
        "model": "rap.heresearcharea",
        "pk": 169,
        "fields": {
            "hecategory": 68,
            "name": "Dating and chronology",
            "gtrs": "{1, 2, 5}"
        }
    },
    {
        "model": "rap.heresearcharea",
        "pk": 170,
        "fields": {
            "hecategory": 68,
            "name": "Human environment",
            "gtrs": "{9, 6}"
        }
    },
    {
        "model": "rap.heresearcharea",
        "pk": 171,
        "fields": {
            "hecategory": 68,
            "name": "Materials",
            "gtrs": "set()"
        }
    },
    {
        "model": "rap.heresearcharea",
        "pk": 172,
        "fields": {
            "hecategory": 69,
            "name": "Audience research",
            "gtrs": "set()"
        }
    },
    {
        "model": "rap.heresearcharea",
        "pk": 173,
        "fields": {
            "hecategory": 69,
            "name": "Research media",
            "gtrs": "set()"
        }
    },
    {
        "model": "rap.heresearcharea",
        "pk": 174,
        "fields": {
            "hecategory": 70,
            "name": "Developing the workforce",
            "gtrs": "set()"
        }
    },
    {
        "model": "rap.heresearcharea",
        "pk": 175,
        "fields": {
            "hecategory": 70,
            "name": "Working more effectively",
            "gtrs": "set()"
        }
    },
    {
        "model": "rap.heresearcharea",
        "pk": 176,
        "fields": {
            "hecategory": 71,
            "name": "Archaeology of the deeper past",
            "gtrs": "{1, 2}"
        }
    },
    {
        "model": "rap.heresearcharea",
        "pk": 177,
        "fields": {
            "hecategory": 71,
            "name": "Faith and commemoration",
            "gtrs": "set()"
        }
    },
    {
        "model": "rap.heresearcharea",
        "pk": 178,
        "fields": {
            "hecategory": 71,
            "name": "Industrial and infrastructure",
            "gtrs": "{9}"
        }
    },
    {
        "model": "rap.heresearcharea",
        "pk": 179,
        "fields": {
            "hecategory": 71,
            "name": "Marine and maritime",
            "gtrs": "set()"
        }
    },
    {
        "model": "rap.heresearcharea",
        "pk": 180,
        "fields": {
            "hecategory": 71,
            "name": "Military and defence",
            "gtrs": "set()"
        }
    },
    {
        "model": "rap.heresearcharea",
        "pk": 181,
        "fields": {
            "hecategory": 71,
            "name": "Rural landscape",
            "gtrs": "{6}"
        }
    },
    {
        "model": "rap.heresearcharea",
        "pk": 182,
        "fields": {
            "hecategory": 71,
            "name": "Understanding the Historic England Archive",
            "gtrs": "{7}"
        }
    },
    {
        "model": "rap.heresearcharea",
        "pk": 183,
        "fields": {
            "hecategory": 71,
            "name": "Urban and public realm",
            "gtrs": "{9, 6}"
        }
    },
    {
        "model": "rap.heresearcharea",
        "pk": 184,
        "fields": {
            "hecategory": 71,
            "name": "Water, wetlands and waterlogged",
            "gtrs": "{9, 6}"
        }
    },
    {
        "model": "rap.heresearcharea",
        "pk": 185,
        "fields": {
            "hecategory": 72,
            "name": "Contested values",
            "gtrs": "set()"
        }
    },
    {
        "model": "rap.heresearcharea",
        "pk": 186,
        "fields": {
            "hecategory": 72,
            "name": "Economic value",
            "gtrs": "set()"
        }
    },
    {
        "model": "rap.heresearcharea",
        "pk": 187,
        "fields": {
            "hecategory": 72,
            "name": "Social value",
            "gtrs": "set()"
        }
    },
    {
        "model": "rap.project",
        "pk": "317494312946123467",
        "fields": {
            "title": "Hello There",
            "href": null,
            "abstractText": "Let's see if this works",
            "start": null,
            "end": null,
            "created": null,
            "updated": null,
            "grantCategory": null,
            "leadFunder": null,
            "status": "Open"
        }
    },
    {
        "model": "rap.project",
        "pk": "ksakfdgakdfgaskfgasdkjfg",
        "fields": {
            "title": "Hello",
            "href": null,
            "abstractText": null,
            "start": null,
            "end": null,
            "created": null,
            "updated": null,
            "grantCategory": null,
            "leadFunder": null,
            "status": "Open"
        }
    },
    {
        "model": "rap.project",
        "pk": "lkhkahdsfkahds;fkhadsf",
        "fields": {
            "title": "Hello There",
            "href": null,
            "abstractText": "Let's see if this works",
            "start": null,
            "end": null,
            "created": null,
            "updated": null,
            "grantCategory": null,
            "leadFunder": null,
            "status": "Open"
        }
    },
    {
        "model": "rap.blog",
        "pk": 1,
        "fields": {
            "name": "Sara's Blog",
            "tagline": "About stuff"
        }
    },
    {
        "model": "rap.author",
        "pk": 1,
        "fields": {
            "name": "Sara Perry",
            "email": null
        }
    },
    {
        "model": "rap.author",
        "pk": 2,
        "fields": {
            "name": "Emma Dwyer",
            "email": null
        }
    },
    {
        "model": "rap.entry",
        "pk": 1,
        "fields": {
            "blog": 1,
            "headline": "The First Post",
            "body_text": "This is the text",
            "pub_date": "2020-03-16",
            "mod_date": "2020-03-16",
            "authors": "{2}",
            "n_comments": 0,
            "n_pingbacks": 0,
            "rating": 0
        }
    },
    {
        "model": "rap.entry",
        "pk": 2,
        "fields": {
            "blog": 1,
            "headline": "The Second Post",
            "body_text": "Bla bla bla",
            "pub_date": "2020-03-16",
            "mod_date": "2020-03-16",
            "authors": "{1}",
            "n_comments": 0,
            "n_pingbacks": 0,
            "rating": 0
        }
    },
    {
        "model": "rap.entry",
        "pk": 3,
        "fields": {
            "blog": 1,
            "headline": "The Third Post",
            "body_text": "Yadda yadda yadda. Yadda yadda yadda. Yadda yadda yadda. Yadda yadda yadda. Yadda yadda yadda. Yadda yadda yadda. Yadda yadda yadda.",
            "pub_date": "2020-03-17",
            "mod_date": "2020-03-16",
            "authors": "{1}",
            "n_comments": null,
            "n_pingbacks": null,
            "rating": null
        }
    },
    {
        "model": "auth.permission",
        "pk": 1,
        "fields": {
            "name": "Can add log entry",
            "content_type": 1,
            "codename": "add_logentry"
        }
    },
    {
        "model": "auth.permission",
        "pk": 2,
        "fields": {
            "name": "Can change log entry",
            "content_type": 1,
            "codename": "change_logentry"
        }
    },
    {
        "model": "auth.permission",
        "pk": 3,
        "fields": {
            "name": "Can delete log entry",
            "content_type": 1,
            "codename": "delete_logentry"
        }
    },
    {
        "model": "auth.permission",
        "pk": 4,
        "fields": {
            "name": "Can view log entry",
            "content_type": 1,
            "codename": "view_logentry"
        }
    },
    {
        "model": "auth.permission",
        "pk": 5,
        "fields": {
            "name": "Can add permission",
            "content_type": 2,
            "codename": "add_permission"
        }
    },
    {
        "model": "auth.permission",
        "pk": 6,
        "fields": {
            "name": "Can change permission",
            "content_type": 2,
            "codename": "change_permission"
        }
    },
    {
        "model": "auth.permission",
        "pk": 7,
        "fields": {
            "name": "Can delete permission",
            "content_type": 2,
            "codename": "delete_permission"
        }
    },
    {
        "model": "auth.permission",
        "pk": 8,
        "fields": {
            "name": "Can view permission",
            "content_type": 2,
            "codename": "view_permission"
        }
    },
    {
        "model": "auth.permission",
        "pk": 9,
        "fields": {
            "name": "Can add group",
            "content_type": 3,
            "codename": "add_group"
        }
    },
    {
        "model": "auth.permission",
        "pk": 10,
        "fields": {
            "name": "Can change group",
            "content_type": 3,
            "codename": "change_group"
        }
    },
    {
        "model": "auth.permission",
        "pk": 11,
        "fields": {
            "name": "Can delete group",
            "content_type": 3,
            "codename": "delete_group"
        }
    },
    {
        "model": "auth.permission",
        "pk": 12,
        "fields": {
            "name": "Can view group",
            "content_type": 3,
            "codename": "view_group"
        }
    },
    {
        "model": "auth.permission",
        "pk": 13,
        "fields": {
            "name": "Can add user",
            "content_type": 4,
            "codename": "add_user"
        }
    },
    {
        "model": "auth.permission",
        "pk": 14,
        "fields": {
            "name": "Can change user",
            "content_type": 4,
            "codename": "change_user"
        }
    },
    {
        "model": "auth.permission",
        "pk": 15,
        "fields": {
            "name": "Can delete user",
            "content_type": 4,
            "codename": "delete_user"
        }
    },
    {
        "model": "auth.permission",
        "pk": 16,
        "fields": {
            "name": "Can view user",
            "content_type": 4,
            "codename": "view_user"
        }
    },
    {
        "model": "auth.permission",
        "pk": 17,
        "fields": {
            "name": "Can add content type",
            "content_type": 5,
            "codename": "add_contenttype"
        }
    },
    {
        "model": "auth.permission",
        "pk": 18,
        "fields": {
            "name": "Can change content type",
            "content_type": 5,
            "codename": "change_contenttype"
        }
    },
    {
        "model": "auth.permission",
        "pk": 19,
        "fields": {
            "name": "Can delete content type",
            "content_type": 5,
            "codename": "delete_contenttype"
        }
    },
    {
        "model": "auth.permission",
        "pk": 20,
        "fields": {
            "name": "Can view content type",
            "content_type": 5,
            "codename": "view_contenttype"
        }
    },
    {
        "model": "auth.permission",
        "pk": 21,
        "fields": {
            "name": "Can add session",
            "content_type": 6,
            "codename": "add_session"
        }
    },
    {
        "model": "auth.permission",
        "pk": 22,
        "fields": {
            "name": "Can change session",
            "content_type": 6,
            "codename": "change_session"
        }
    },
    {
        "model": "auth.permission",
        "pk": 23,
        "fields": {
            "name": "Can delete session",
            "content_type": 6,
            "codename": "delete_session"
        }
    },
    {
        "model": "auth.permission",
        "pk": 24,
        "fields": {
            "name": "Can view session",
            "content_type": 6,
            "codename": "view_session"
        }
    },
    {
        "model": "auth.permission",
        "pk": 25,
        "fields": {
            "name": "Can add author",
            "content_type": 7,
            "codename": "add_author"
        }
    },
    {
        "model": "auth.permission",
        "pk": 26,
        "fields": {
            "name": "Can change author",
            "content_type": 7,
            "codename": "change_author"
        }
    },
    {
        "model": "auth.permission",
        "pk": 27,
        "fields": {
            "name": "Can delete author",
            "content_type": 7,
            "codename": "delete_author"
        }
    },
    {
        "model": "auth.permission",
        "pk": 28,
        "fields": {
            "name": "Can view author",
            "content_type": 7,
            "codename": "view_author"
        }
    },
    {
        "model": "auth.permission",
        "pk": 29,
        "fields": {
            "name": "Can add blog",
            "content_type": 8,
            "codename": "add_blog"
        }
    },
    {
        "model": "auth.permission",
        "pk": 30,
        "fields": {
            "name": "Can change blog",
            "content_type": 8,
            "codename": "change_blog"
        }
    },
    {
        "model": "auth.permission",
        "pk": 31,
        "fields": {
            "name": "Can delete blog",
            "content_type": 8,
            "codename": "delete_blog"
        }
    },
    {
        "model": "auth.permission",
        "pk": 32,
        "fields": {
            "name": "Can view blog",
            "content_type": 8,
            "codename": "view_blog"
        }
    },
    {
        "model": "auth.permission",
        "pk": 33,
        "fields": {
            "name": "Can add entry",
            "content_type": 9,
            "codename": "add_entry"
        }
    },
    {
        "model": "auth.permission",
        "pk": 34,
        "fields": {
            "name": "Can change entry",
            "content_type": 9,
            "codename": "change_entry"
        }
    },
    {
        "model": "auth.permission",
        "pk": 35,
        "fields": {
            "name": "Can delete entry",
            "content_type": 9,
            "codename": "delete_entry"
        }
    },
    {
        "model": "auth.permission",
        "pk": 36,
        "fields": {
            "name": "Can view entry",
            "content_type": 9,
            "codename": "view_entry"
        }
    },
    {
        "model": "auth.permission",
        "pk": 37,
        "fields": {
            "name": "Can add project",
            "content_type": 10,
            "codename": "add_project"
        }
    },
    {
        "model": "auth.permission",
        "pk": 38,
        "fields": {
            "name": "Can change project",
            "content_type": 10,
            "codename": "change_project"
        }
    },
    {
        "model": "auth.permission",
        "pk": 39,
        "fields": {
            "name": "Can delete project",
            "content_type": 10,
            "codename": "delete_project"
        }
    },
    {
        "model": "auth.permission",
        "pk": 40,
        "fields": {
            "name": "Can view project",
            "content_type": 10,
            "codename": "view_project"
        }
    },
    {
        "model": "auth.permission",
        "pk": 41,
        "fields": {
            "name": "Can add he category",
            "content_type": 11,
            "codename": "add_hecategory"
        }
    },
    {
        "model": "auth.permission",
        "pk": 42,
        "fields": {
            "name": "Can change he category",
            "content_type": 11,
            "codename": "change_hecategory"
        }
    },
    {
        "model": "auth.permission",
        "pk": 43,
        "fields": {
            "name": "Can delete he category",
            "content_type": 11,
            "codename": "delete_hecategory"
        }
    },
    {
        "model": "auth.permission",
        "pk": 44,
        "fields": {
            "name": "Can view he category",
            "content_type": 11,
            "codename": "view_hecategory"
        }
    },
    {
        "model": "auth.permission",
        "pk": 45,
        "fields": {
            "name": "Can add gtr category",
            "content_type": 11,
            "codename": "add_gtrcategory"
        }
    },
    {
        "model": "auth.permission",
        "pk": 46,
        "fields": {
            "name": "Can change gtr category",
            "content_type": 11,
            "codename": "change_gtrcategory"
        }
    },
    {
        "model": "auth.permission",
        "pk": 47,
        "fields": {
            "name": "Can delete gtr category",
            "content_type": 11,
            "codename": "delete_gtrcategory"
        }
    },
    {
        "model": "auth.permission",
        "pk": 48,
        "fields": {
            "name": "Can view gtr category",
            "content_type": 11,
            "codename": "view_gtrcategory"
        }
    },
    {
        "model": "auth.permission",
        "pk": 49,
        "fields": {
            "name": "Can add he category",
            "content_type": 12,
            "codename": "add_hecategory"
        }
    },
    {
        "model": "auth.permission",
        "pk": 50,
        "fields": {
            "name": "Can change he category",
            "content_type": 12,
            "codename": "change_hecategory"
        }
    },
    {
        "model": "auth.permission",
        "pk": 51,
        "fields": {
            "name": "Can delete he category",
            "content_type": 12,
            "codename": "delete_hecategory"
        }
    },
    {
        "model": "auth.permission",
        "pk": 52,
        "fields": {
            "name": "Can view he category",
            "content_type": 12,
            "codename": "view_hecategory"
        }
    },
    {
        "model": "auth.permission",
        "pk": 53,
        "fields": {
            "name": "Can add he research area",
            "content_type": 13,
            "codename": "add_heresearcharea"
        }
    },
    {
        "model": "auth.permission",
        "pk": 54,
        "fields": {
            "name": "Can change he research area",
            "content_type": 13,
            "codename": "change_heresearcharea"
        }
    },
    {
        "model": "auth.permission",
        "pk": 55,
        "fields": {
            "name": "Can delete he research area",
            "content_type": 13,
            "codename": "delete_heresearcharea"
        }
    },
    {
        "model": "auth.permission",
        "pk": 56,
        "fields": {
            "name": "Can view he research area",
            "content_type": 13,
            "codename": "view_heresearcharea"
        }
    },
    {
        "model": "auth.user",
        "pk": 1,
        "fields": {
            "password": "pbkdf2_sha256$150000$nHLyeB1VvaGr$Z3ufex6RZ7EgB/7sApK6znZ4oRzoMWUr5/092Dk3HE0=",
            "last_login": "2020-03-16T21:20:13.245Z",
            "is_superuser": true,
            "username": "admin",
            "first_name": "",
            "last_name": "",
            "email": "",
            "is_staff": true,
            "is_active": true,
            "date_joined": "2020-03-16T21:19:52.082Z",
            "groups": [],
            "user_permissions": []
        }
    },
    {
        "model": "admin.logentry",
        "pk": 1,
        "fields": {
            "action_time": "2020-03-16T21:34:43.799Z",
            "user": 1,
            "content_type": 7,
            "object_id": "1",
            "object_repr": "Sara Perry",
            "action_flag": 1,
            "change_message": "[{\"added\": {}}]"
        }
    },
    {
        "model": "admin.logentry",
        "pk": 2,
        "fields": {
            "action_time": "2020-03-16T21:34:50.565Z",
            "user": 1,
            "content_type": 7,
            "object_id": "2",
            "object_repr": "Emma Dwyer",
            "action_flag": 1,
            "change_message": "[{\"added\": {}}]"
        }
    },
    {
        "model": "admin.logentry",
        "pk": 3,
        "fields": {
            "action_time": "2020-03-16T21:35:13.061Z",
            "user": 1,
            "content_type": 8,
            "object_id": "1",
            "object_repr": "Sara's Blog",
            "action_flag": 1,
            "change_message": "[{\"added\": {}}]"
        }
    },
    {
        "model": "admin.logentry",
        "pk": 4,
        "fields": {
            "action_time": "2020-03-16T21:35:59.185Z",
            "user": 1,
            "content_type": 9,
            "object_id": "1",
            "object_repr": "The First Post",
            "action_flag": 1,
            "change_message": "[{\"added\": {}}]"
        }
    },
    {
        "model": "admin.logentry",
        "pk": 5,
        "fields": {
            "action_time": "2020-03-16T21:36:21.242Z",
            "user": 1,
            "content_type": 9,
            "object_id": "2",
            "object_repr": "The Second Post",
            "action_flag": 1,
            "change_message": "[{\"added\": {}}]"
        }
    },
    {
        "model": "admin.logentry",
        "pk": 6,
        "fields": {
            "action_time": "2020-03-17T09:13:28.272Z",
            "user": 1,
            "content_type": 9,
            "object_id": "3",
            "object_repr": "The First Post",
            "action_flag": 1,
            "change_message": "[{\"added\": {}}]"
        }
    },
    {
        "model": "admin.logentry",
        "pk": 7,
        "fields": {
            "action_time": "2020-03-17T11:58:35.407Z",
            "user": 1,
            "content_type": 9,
            "object_id": "3",
            "object_repr": "The Third Post",
            "action_flag": 2,
            "change_message": "[{\"changed\": {\"fields\": [\"headline\"]}}]"
        }
    },
    {
        "model": "admin.logentry",
        "pk": 8,
        "fields": {
            "action_time": "2020-03-17T11:58:49.889Z",
            "user": 1,
            "content_type": 9,
            "object_id": "2",
            "object_repr": "The Second Post",
            "action_flag": 2,
            "change_message": "[{\"changed\": {\"fields\": [\"blog\"]}}]"
        }
    },
    {
        "model": "admin.logentry",
        "pk": 9,
        "fields": {
            "action_time": "2020-03-17T12:04:35.364Z",
            "user": 1,
            "content_type": 9,
            "object_id": "3",
            "object_repr": "The Third Post",
            "action_flag": 2,
            "change_message": "[{\"changed\": {\"fields\": [\"blog\"]}}]"
        }
    },
    {
        "model": "admin.logentry",
        "pk": 10,
        "fields": {
            "action_time": "2020-03-17T12:12:57.082Z",
            "user": 1,
            "content_type": 9,
            "object_id": "3",
            "object_repr": "The Third Post",
            "action_flag": 2,
            "change_message": "[{\"changed\": {\"fields\": [\"authors\"]}}]"
        }
    },
    {
        "model": "admin.logentry",
        "pk": 11,
        "fields": {
            "action_time": "2020-03-17T12:13:06.634Z",
            "user": 1,
            "content_type": 9,
            "object_id": "1",
            "object_repr": "The First Post",
            "action_flag": 2,
            "change_message": "[{\"changed\": {\"fields\": [\"authors\"]}}]"
        }
    },
    {
        "model": "admin.logentry",
        "pk": 12,
        "fields": {
            "action_time": "2020-03-17T12:13:17.346Z",
            "user": 1,
            "content_type": 9,
            "object_id": "2",
            "object_repr": "The Second Post",
            "action_flag": 2,
            "change_message": "[{\"changed\": {\"fields\": [\"authors\"]}}]"
        }
    },
    {
        "model": "admin.logentry",
        "pk": 13,
        "fields": {
            "action_time": "2020-03-17T14:08:31.721Z",
            "user": 1,
            "content_type": 10,
            "object_id": "AE307E76-ED54-4D32-BEFE-AC36F729D7BF",
            "object_repr": "Project object (AE307E76-ED54-4D32-BEFE-AC36F729D7BF)",
            "action_flag": 1,
            "change_message": "[{\"added\": {}}]"
        }
    },
    {
        "model": "admin.logentry",
        "pk": 14,
        "fields": {
            "action_time": "2020-03-17T14:28:20.101Z",
            "user": 1,
            "content_type": 10,
            "object_id": "{'links': {'link': [{'href': 'https://gtr.ukri.org:443/gtr/api/persons/E5455DFC-4C9A-429F-913B-6B33F8296224', 'rel': 'PI_PER', 'start': None, 'end': None, 'otherAttributes': {}}, {'href': 'https://gtr.ukri.org:443/gtr/api/organisations/68D0E3C9-9246-4CFC-B5E9-48584CF82993', 'rel': 'LEAD_ORG', 'start': None, 'end': None, 'otherAttributes': {}}, {'href': 'https://gtr.ukri.org:443/gtr/api/funds/D2EB42DC-8155-4790-81AB-2AC1B9D4E4E0', 'rel': 'FUND', 'start': 1190674800000, 'end': 1201132800000, 'otherAttributes': {}}, {'href': 'https://gtr.ukri.org:443/gtr/api/outcomes/publications/B315AFC8-BDA3-4C35-9013-37E1E56B2B76', 'rel': 'PUBLICATION', 'start': None, 'end': None, 'otherAttributes': {}}]}, 'ext': None, 'id': '4FF3B05F-E42A-488C-B4C2-A7B1ECCDB457', 'outcomeid': None, 'href': 'https://gtr.ukri.org:443/gtr/api/projects/4FF3B05F-E42A-488C-B4C2-A7B1ECCDB457', 'created': 1582643293000, 'updated': None, 'identifiers': {'identifier': [{'value': 'AH/F004907/1', 'type': 'RCUK'}]}, 'title': 'Heritage and the Production of Authenticity - an experiential approach.', 'status': 'Closed', 'grantCategory': 'Research Grant', 'leadFunder': 'AHRC', 'leadOrganisationDepartment': 'Arts Languages and Cultures', 'abstractText': \"This project examines how people experience and negotiate authenticity in respect to the historic environment, and why, for many, it is an important element in the production of a sense of identity and place. Authenticity is defined as the quality of being authentic, truthful, or genuine. In respect to the historic environment, it plays a fundamental role in determining what is worthy of conservation, as well as how sites and monuments should be preserved and presented. However, in practice authenticity is a nebulous concept and the process of distinguishing what is and what is not authentic is surrounded by complex criteria. For a long time it has been assumed that authenticity is an objective and measurable attribute inherent in the material fabric of artefacts and monuments. Scientific techniques and assessment criteria have been developed in an attempt to objectively determine the genuineness of artefacts and monuments, as well as the veracity and significance of their historical context. Yet such an approach to authenticity has been extensively criticised over the last three decades within a variety of academic disciplines (including archaeology, social anthropology, heritage studies, philosophy and history). 'Tests' for authenticity have been shown to be dominated by western ideals and epistemologies. Furthermore, many supposedly authentic cultural traditions and associated heritage sites have been shown to be invented, reinvented or renewed, often under the influence of ideologically motivated elites. \\\\nThis division between academic and heritage management approaches to authenticity leaves a problematic gap in our understanding. Neither approach addresses its powerful influence on how people relate to the historic environment, despite the recent emphasis on the contemporary social value of objects and monuments and the intangible aspects of heritage (e.g. in the widely cited Burra Charter and UNESCO's Nara Statement on Authenticity). As UNESCO's Nara conference highlighted, people's perceptions of authenticity are often associated with intangible qualities connected to aesthetic values, place of conservation and spiritual significance. Yet there has been very little sustained research providing a solid understanding of these aspects. My own recent research suggests that relationships between material objects and people, soil and land, often expressed through notions of 'birth' and 'nourishment', are fundamental to people's perceptions of what is authentic and what is not. Furthermore, whilst museums and heritage organisations play a role in attributing authenticity, this can be contested by visitors, who often associate it with intangible relationships of 'belonging' between people, objects, monuments and places. \\\\nThis project aims to investigate how people experience and negotiate authenticity in practice and how they deploy ideas about authenticity to make sense of their own place in a world characterised by displacement and fragmentation. Combining an analysis of the history of the concept with recent theories of materiality, personhood and place, I intend to develop a theoretical approach which focuses on the 'experiential' aspects of authenticity. Using this approach I will then explore how authenticity is experienced and negotiated in practice through a series of case studies drawn from Scotland and the Scottish diaspora. Qualitative methodologies, including participant observation and semi-structured interviewing, will be used to gain insights into how people experience and negotiate authenticity. The result will be three articles in peer-reviewed journals establishing a new agenda for academic research on authenticity in respect to the historic environment, whilst also highlighting the implications for heritage management policy and practice.\\\\n\", 'techAbstractText': None, 'potentialImpact': None, 'healthCategories': {'healthCategory': []}, 'researchActivities': {'researchActivity': []}, 'researchSubjects': {'researchSubject': [{'id': '541CDC75-F361-4961-9EFE-34B2C8ACE947', 'text': 'History', 'percentage': 0}, {'id': '6AECCE8F-D1A3-43C8-B6DC-7B2289BE3CBF', 'text': 'Archaeology', 'percentage': 0}, {'id': '12F57045-398B-4CC0-BF63-76C038A2E247', 'text': 'Cultural & museum studies', 'percentage': 0}]}, 'researchTopics': {'researchTopic': [{'id': 'ACF80B6E-2900-42FE-9B9B-C84E295EA0AC', 'text': 'Cultural History', 'percentage': 0}, {'id': 'A7A30C52-7659-4E94-B5E2-F9BB53767467', 'text': 'Archaeological Theory', 'percentage': 0}, {'id': '51073B72-B972-4034-A0A1-87A6B0DCD198', 'text': 'Museum & Gallery Studies', 'percentage': 0}]}, 'rcukProgrammes': {'rcukProgramme': []}, 'start': None, 'end': None, 'participantValues': None}",
            "object_repr": "{'links': {'link': [{'href': 'https://gtr.ukri.org:443/gtr/api/persons/E5455DFC-4C9A-429F-913B-6B33F8296224', 'rel': 'PI_PER', 'start': None, 'end': None, 'otherAttributes': {}}, {'href': 'https://gtr",
            "action_flag": 3,
            "change_message": ""
        }
    },
    {
        "model": "admin.logentry",
        "pk": 15,
        "fields": {
            "action_time": "2020-03-17T16:06:37.158Z",
            "user": 1,
            "content_type": 13,
            "object_id": "41",
            "object_repr": "41> Social value",
            "action_flag": 3,
            "change_message": ""
        }
    },
    {
        "model": "admin.logentry",
        "pk": 16,
        "fields": {
            "action_time": "2020-03-17T16:06:37.162Z",
            "user": 1,
            "content_type": 13,
            "object_id": "40",
            "object_repr": "40> Economic value",
            "action_flag": 3,
            "change_message": ""
        }
    },
    {
        "model": "admin.logentry",
        "pk": 17,
        "fields": {
            "action_time": "2020-03-17T16:06:37.165Z",
            "user": 1,
            "content_type": 13,
            "object_id": "39",
            "object_repr": "39> Contested values",
            "action_flag": 3,
            "change_message": ""
        }
    },
    {
        "model": "admin.logentry",
        "pk": 18,
        "fields": {
            "action_time": "2020-03-17T16:06:37.170Z",
            "user": 1,
            "content_type": 13,
            "object_id": "38",
            "object_repr": "38> Water, wetlands and waterlogged",
            "action_flag": 3,
            "change_message": ""
        }
    },
    {
        "model": "admin.logentry",
        "pk": 19,
        "fields": {
            "action_time": "2020-03-17T16:06:37.176Z",
            "user": 1,
            "content_type": 13,
            "object_id": "37",
            "object_repr": "37> Urban and public realm",
            "action_flag": 3,
            "change_message": ""
        }
    },
    {
        "model": "admin.logentry",
        "pk": 20,
        "fields": {
            "action_time": "2020-03-17T16:06:37.180Z",
            "user": 1,
            "content_type": 13,
            "object_id": "36",
            "object_repr": "36> Understanding the Historic England Archive",
            "action_flag": 3,
            "change_message": ""
        }
    },
    {
        "model": "admin.logentry",
        "pk": 21,
        "fields": {
            "action_time": "2020-03-17T16:06:37.184Z",
            "user": 1,
            "content_type": 13,
            "object_id": "35",
            "object_repr": "35> Rural landscape",
            "action_flag": 3,
            "change_message": ""
        }
    },
    {
        "model": "admin.logentry",
        "pk": 22,
        "fields": {
            "action_time": "2020-03-17T16:06:37.187Z",
            "user": 1,
            "content_type": 13,
            "object_id": "34",
            "object_repr": "34> Military and defence",
            "action_flag": 3,
            "change_message": ""
        }
    },
    {
        "model": "admin.logentry",
        "pk": 23,
        "fields": {
            "action_time": "2020-03-17T16:06:37.191Z",
            "user": 1,
            "content_type": 13,
            "object_id": "33",
            "object_repr": "33> Marine and maritime",
            "action_flag": 3,
            "change_message": ""
        }
    },
    {
        "model": "admin.logentry",
        "pk": 24,
        "fields": {
            "action_time": "2020-03-17T16:06:37.194Z",
            "user": 1,
            "content_type": 13,
            "object_id": "32",
            "object_repr": "32> Industrial and infrastructure",
            "action_flag": 3,
            "change_message": ""
        }
    },
    {
        "model": "admin.logentry",
        "pk": 25,
        "fields": {
            "action_time": "2020-03-17T16:06:37.219Z",
            "user": 1,
            "content_type": 13,
            "object_id": "31",
            "object_repr": "31> Faith and commemoration",
            "action_flag": 3,
            "change_message": ""
        }
    },
    {
        "model": "admin.logentry",
        "pk": 26,
        "fields": {
            "action_time": "2020-03-17T16:06:37.226Z",
            "user": 1,
            "content_type": 13,
            "object_id": "30",
            "object_repr": "30> Archaeology of the deeper past",
            "action_flag": 3,
            "change_message": ""
        }
    },
    {
        "model": "admin.logentry",
        "pk": 27,
        "fields": {
            "action_time": "2020-03-17T16:06:37.231Z",
            "user": 1,
            "content_type": 13,
            "object_id": "29",
            "object_repr": "29> Working more effectively",
            "action_flag": 3,
            "change_message": ""
        }
    },
    {
        "model": "admin.logentry",
        "pk": 28,
        "fields": {
            "action_time": "2020-03-17T16:06:37.236Z",
            "user": 1,
            "content_type": 13,
            "object_id": "28",
            "object_repr": "28> Developing the workforce",
            "action_flag": 3,
            "change_message": ""
        }
    },
    {
        "model": "admin.logentry",
        "pk": 29,
        "fields": {
            "action_time": "2020-03-17T16:06:37.240Z",
            "user": 1,
            "content_type": 13,
            "object_id": "27",
            "object_repr": "27> Research media",
            "action_flag": 3,
            "change_message": ""
        }
    },
    {
        "model": "admin.logentry",
        "pk": 30,
        "fields": {
            "action_time": "2020-03-17T16:06:37.245Z",
            "user": 1,
            "content_type": 13,
            "object_id": "26",
            "object_repr": "26> Audience research",
            "action_flag": 3,
            "change_message": ""
        }
    },
    {
        "model": "admin.logentry",
        "pk": 31,
        "fields": {
            "action_time": "2020-03-17T16:06:37.250Z",
            "user": 1,
            "content_type": 13,
            "object_id": "25",
            "object_repr": "25> Materials",
            "action_flag": 3,
            "change_message": ""
        }
    },
    {
        "model": "admin.logentry",
        "pk": 32,
        "fields": {
            "action_time": "2020-03-17T16:06:37.254Z",
            "user": 1,
            "content_type": 13,
            "object_id": "24",
            "object_repr": "24> Human environment",
            "action_flag": 3,
            "change_message": ""
        }
    },
    {
        "model": "admin.logentry",
        "pk": 33,
        "fields": {
            "action_time": "2020-03-17T16:06:37.261Z",
            "user": 1,
            "content_type": 13,
            "object_id": "23",
            "object_repr": "23> Dating and chronology",
            "action_flag": 3,
            "change_message": ""
        }
    },
    {
        "model": "admin.logentry",
        "pk": 34,
        "fields": {
            "action_time": "2020-03-17T16:06:37.265Z",
            "user": 1,
            "content_type": 13,
            "object_id": "22",
            "object_repr": "22> New narratives from 'big data'",
            "action_flag": 3,
            "change_message": ""
        }
    },
    {
        "model": "admin.logentry",
        "pk": 35,
        "fields": {
            "action_time": "2020-03-17T16:06:37.270Z",
            "user": 1,
            "content_type": 13,
            "object_id": "21",
            "object_repr": "21> Information systems and services",
            "action_flag": 3,
            "change_message": ""
        }
    },
    {
        "model": "admin.logentry",
        "pk": 36,
        "fields": {
            "action_time": "2020-03-17T16:06:37.275Z",
            "user": 1,
            "content_type": 13,
            "object_id": "20",
            "object_repr": "20> Workforce diversity",
            "action_flag": 3,
            "change_message": ""
        }
    },
    {
        "model": "admin.logentry",
        "pk": 37,
        "fields": {
            "action_time": "2020-03-17T16:06:37.278Z",
            "user": 1,
            "content_type": 13,
            "object_id": "19",
            "object_repr": "19> Exploring diversity",
            "action_flag": 3,
            "change_message": ""
        }
    },
    {
        "model": "admin.logentry",
        "pk": 38,
        "fields": {
            "action_time": "2020-03-17T16:06:37.283Z",
            "user": 1,
            "content_type": 13,
            "object_id": "18",
            "object_repr": "18> Preserving archaeological remains",
            "action_flag": 3,
            "change_message": ""
        }
    },
    {
        "model": "admin.logentry",
        "pk": 39,
        "fields": {
            "action_time": "2020-03-17T16:06:37.287Z",
            "user": 1,
            "content_type": 13,
            "object_id": "17",
            "object_repr": "17> Collections and archives",
            "action_flag": 3,
            "change_message": ""
        }
    },
    {
        "model": "admin.logentry",
        "pk": 40,
        "fields": {
            "action_time": "2020-03-17T16:06:37.294Z",
            "user": 1,
            "content_type": 13,
            "object_id": "16",
            "object_repr": "16> Buildings and landscapes",
            "action_flag": 3,
            "change_message": ""
        }
    },
    {
        "model": "admin.logentry",
        "pk": 41,
        "fields": {
            "action_time": "2020-03-17T16:06:37.298Z",
            "user": 1,
            "content_type": 13,
            "object_id": "15",
            "object_repr": "15> Societal change",
            "action_flag": 3,
            "change_message": ""
        }
    },
    {
        "model": "admin.logentry",
        "pk": 42,
        "fields": {
            "action_time": "2020-03-17T16:06:37.303Z",
            "user": 1,
            "content_type": 13,
            "object_id": "14",
            "object_repr": "14> National planning and infrastructure",
            "action_flag": 3,
            "change_message": ""
        }
    },
    {
        "model": "admin.logentry",
        "pk": 43,
        "fields": {
            "action_time": "2020-03-17T16:06:37.312Z",
            "user": 1,
            "content_type": 13,
            "object_id": "13",
            "object_repr": "13> Local planning",
            "action_flag": 3,
            "change_message": ""
        }
    },
    {
        "model": "admin.logentry",
        "pk": 44,
        "fields": {
            "action_time": "2020-03-17T16:06:37.316Z",
            "user": 1,
            "content_type": 13,
            "object_id": "12",
            "object_repr": "12> Land management",
            "action_flag": 3,
            "change_message": ""
        }
    },
    {
        "model": "admin.logentry",
        "pk": 45,
        "fields": {
            "action_time": "2020-03-17T16:06:37.322Z",
            "user": 1,
            "content_type": 13,
            "object_id": "11",
            "object_repr": "11> Heritage crime",
            "action_flag": 3,
            "change_message": ""
        }
    },
    {
        "model": "admin.logentry",
        "pk": 46,
        "fields": {
            "action_time": "2020-03-17T16:06:37.329Z",
            "user": 1,
            "content_type": 13,
            "object_id": "10",
            "object_repr": "10> Climate change",
            "action_flag": 3,
            "change_message": ""
        }
    },
    {
        "model": "admin.logentry",
        "pk": 47,
        "fields": {
            "action_time": "2020-03-17T16:06:37.334Z",
            "user": 1,
            "content_type": 13,
            "object_id": "9",
            "object_repr": "9> Contested values",
            "action_flag": 3,
            "change_message": ""
        }
    },
    {
        "model": "admin.logentry",
        "pk": 48,
        "fields": {
            "action_time": "2020-03-17T16:06:37.339Z",
            "user": 1,
            "content_type": 13,
            "object_id": "8",
            "object_repr": "8> Archaeology of the deeper past",
            "action_flag": 3,
            "change_message": ""
        }
    },
    {
        "model": "admin.logentry",
        "pk": 49,
        "fields": {
            "action_time": "2020-03-17T16:06:37.347Z",
            "user": 1,
            "content_type": 13,
            "object_id": "7",
            "object_repr": "7> Developing the workforce",
            "action_flag": 3,
            "change_message": ""
        }
    },
    {
        "model": "admin.logentry",
        "pk": 50,
        "fields": {
            "action_time": "2020-03-17T16:06:37.352Z",
            "user": 1,
            "content_type": 13,
            "object_id": "6",
            "object_repr": "6> Audience research",
            "action_flag": 3,
            "change_message": ""
        }
    },
    {
        "model": "admin.logentry",
        "pk": 51,
        "fields": {
            "action_time": "2020-03-17T16:06:37.360Z",
            "user": 1,
            "content_type": 13,
            "object_id": "5",
            "object_repr": "5> Dating and chronology",
            "action_flag": 3,
            "change_message": ""
        }
    },
    {
        "model": "admin.logentry",
        "pk": 52,
        "fields": {
            "action_time": "2020-03-17T16:06:37.366Z",
            "user": 1,
            "content_type": 13,
            "object_id": "4",
            "object_repr": "4> Information systems and services",
            "action_flag": 3,
            "change_message": ""
        }
    },
    {
        "model": "admin.logentry",
        "pk": 53,
        "fields": {
            "action_time": "2020-03-17T16:06:37.370Z",
            "user": 1,
            "content_type": 13,
            "object_id": "3",
            "object_repr": "3> Exploring diversity",
            "action_flag": 3,
            "change_message": ""
        }
    },
    {
        "model": "admin.logentry",
        "pk": 54,
        "fields": {
            "action_time": "2020-03-17T16:06:37.379Z",
            "user": 1,
            "content_type": 13,
            "object_id": "2",
            "object_repr": "2> Buildings and landscapes",
            "action_flag": 3,
            "change_message": ""
        }
    },
    {
        "model": "admin.logentry",
        "pk": 55,
        "fields": {
            "action_time": "2020-03-17T16:06:37.384Z",
            "user": 1,
            "content_type": 13,
            "object_id": "1",
            "object_repr": "1> Climate change",
            "action_flag": 3,
            "change_message": ""
        }
    },
    {
        "model": "admin.logentry",
        "pk": 56,
        "fields": {
            "action_time": "2020-03-17T16:07:20.642Z",
            "user": 1,
            "content_type": 13,
            "object_id": "73",
            "object_repr": "73> Social value",
            "action_flag": 3,
            "change_message": ""
        }
    },
    {
        "model": "admin.logentry",
        "pk": 57,
        "fields": {
            "action_time": "2020-03-17T16:07:20.651Z",
            "user": 1,
            "content_type": 13,
            "object_id": "72",
            "object_repr": "72> Economic value",
            "action_flag": 3,
            "change_message": ""
        }
    },
    {
        "model": "admin.logentry",
        "pk": 58,
        "fields": {
            "action_time": "2020-03-17T16:07:20.655Z",
            "user": 1,
            "content_type": 13,
            "object_id": "71",
            "object_repr": "71> Contested values",
            "action_flag": 3,
            "change_message": ""
        }
    },
    {
        "model": "admin.logentry",
        "pk": 59,
        "fields": {
            "action_time": "2020-03-17T16:07:20.660Z",
            "user": 1,
            "content_type": 13,
            "object_id": "70",
            "object_repr": "70> Water, wetlands and waterlogged",
            "action_flag": 3,
            "change_message": ""
        }
    },
    {
        "model": "admin.logentry",
        "pk": 60,
        "fields": {
            "action_time": "2020-03-17T16:07:20.664Z",
            "user": 1,
            "content_type": 13,
            "object_id": "69",
            "object_repr": "69> Urban and public realm",
            "action_flag": 3,
            "change_message": ""
        }
    },
    {
        "model": "admin.logentry",
        "pk": 61,
        "fields": {
            "action_time": "2020-03-17T16:07:20.670Z",
            "user": 1,
            "content_type": 13,
            "object_id": "68",
            "object_repr": "68> Understanding the Historic England Archive",
            "action_flag": 3,
            "change_message": ""
        }
    },
    {
        "model": "admin.logentry",
        "pk": 62,
        "fields": {
            "action_time": "2020-03-17T16:07:20.674Z",
            "user": 1,
            "content_type": 13,
            "object_id": "67",
            "object_repr": "67> Rural landscape",
            "action_flag": 3,
            "change_message": ""
        }
    },
    {
        "model": "admin.logentry",
        "pk": 63,
        "fields": {
            "action_time": "2020-03-17T16:07:20.679Z",
            "user": 1,
            "content_type": 13,
            "object_id": "66",
            "object_repr": "66> Military and defence",
            "action_flag": 3,
            "change_message": ""
        }
    },
    {
        "model": "admin.logentry",
        "pk": 64,
        "fields": {
            "action_time": "2020-03-17T16:07:20.685Z",
            "user": 1,
            "content_type": 13,
            "object_id": "65",
            "object_repr": "65> Marine and maritime",
            "action_flag": 3,
            "change_message": ""
        }
    },
    {
        "model": "admin.logentry",
        "pk": 65,
        "fields": {
            "action_time": "2020-03-17T16:07:20.689Z",
            "user": 1,
            "content_type": 13,
            "object_id": "64",
            "object_repr": "64> Industrial and infrastructure",
            "action_flag": 3,
            "change_message": ""
        }
    },
    {
        "model": "admin.logentry",
        "pk": 66,
        "fields": {
            "action_time": "2020-03-17T16:07:20.694Z",
            "user": 1,
            "content_type": 13,
            "object_id": "63",
            "object_repr": "63> Faith and commemoration",
            "action_flag": 3,
            "change_message": ""
        }
    },
    {
        "model": "admin.logentry",
        "pk": 67,
        "fields": {
            "action_time": "2020-03-17T16:07:20.699Z",
            "user": 1,
            "content_type": 13,
            "object_id": "62",
            "object_repr": "62> Archaeology of the deeper past",
            "action_flag": 3,
            "change_message": ""
        }
    },
    {
        "model": "admin.logentry",
        "pk": 68,
        "fields": {
            "action_time": "2020-03-17T16:07:20.703Z",
            "user": 1,
            "content_type": 13,
            "object_id": "61",
            "object_repr": "61> Working more effectively",
            "action_flag": 3,
            "change_message": ""
        }
    },
    {
        "model": "admin.logentry",
        "pk": 69,
        "fields": {
            "action_time": "2020-03-17T16:07:20.706Z",
            "user": 1,
            "content_type": 13,
            "object_id": "60",
            "object_repr": "60> Developing the workforce",
            "action_flag": 3,
            "change_message": ""
        }
    },
    {
        "model": "admin.logentry",
        "pk": 70,
        "fields": {
            "action_time": "2020-03-17T16:07:20.711Z",
            "user": 1,
            "content_type": 13,
            "object_id": "59",
            "object_repr": "59> Research media",
            "action_flag": 3,
            "change_message": ""
        }
    },
    {
        "model": "admin.logentry",
        "pk": 71,
        "fields": {
            "action_time": "2020-03-17T16:07:20.719Z",
            "user": 1,
            "content_type": 13,
            "object_id": "58",
            "object_repr": "58> Audience research",
            "action_flag": 3,
            "change_message": ""
        }
    },
    {
        "model": "admin.logentry",
        "pk": 72,
        "fields": {
            "action_time": "2020-03-17T16:07:20.724Z",
            "user": 1,
            "content_type": 13,
            "object_id": "57",
            "object_repr": "57> Materials",
            "action_flag": 3,
            "change_message": ""
        }
    },
    {
        "model": "admin.logentry",
        "pk": 73,
        "fields": {
            "action_time": "2020-03-17T16:07:20.729Z",
            "user": 1,
            "content_type": 13,
            "object_id": "56",
            "object_repr": "56> Human environment",
            "action_flag": 3,
            "change_message": ""
        }
    },
    {
        "model": "admin.logentry",
        "pk": 74,
        "fields": {
            "action_time": "2020-03-17T16:07:20.737Z",
            "user": 1,
            "content_type": 13,
            "object_id": "55",
            "object_repr": "55> Dating and chronology",
            "action_flag": 3,
            "change_message": ""
        }
    },
    {
        "model": "admin.logentry",
        "pk": 75,
        "fields": {
            "action_time": "2020-03-17T16:07:20.742Z",
            "user": 1,
            "content_type": 13,
            "object_id": "54",
            "object_repr": "54> New narratives from 'big data'",
            "action_flag": 3,
            "change_message": ""
        }
    },
    {
        "model": "admin.logentry",
        "pk": 76,
        "fields": {
            "action_time": "2020-03-17T16:07:20.747Z",
            "user": 1,
            "content_type": 13,
            "object_id": "53",
            "object_repr": "53> Information systems and services",
            "action_flag": 3,
            "change_message": ""
        }
    },
    {
        "model": "admin.logentry",
        "pk": 77,
        "fields": {
            "action_time": "2020-03-17T16:07:20.751Z",
            "user": 1,
            "content_type": 13,
            "object_id": "52",
            "object_repr": "52> Workforce diversity",
            "action_flag": 3,
            "change_message": ""
        }
    },
    {
        "model": "admin.logentry",
        "pk": 78,
        "fields": {
            "action_time": "2020-03-17T16:07:20.755Z",
            "user": 1,
            "content_type": 13,
            "object_id": "51",
            "object_repr": "51> Exploring diversity",
            "action_flag": 3,
            "change_message": ""
        }
    },
    {
        "model": "admin.logentry",
        "pk": 79,
        "fields": {
            "action_time": "2020-03-17T16:07:20.760Z",
            "user": 1,
            "content_type": 13,
            "object_id": "50",
            "object_repr": "50> Preserving archaeological remains",
            "action_flag": 3,
            "change_message": ""
        }
    },
    {
        "model": "admin.logentry",
        "pk": 80,
        "fields": {
            "action_time": "2020-03-17T16:07:20.764Z",
            "user": 1,
            "content_type": 13,
            "object_id": "49",
            "object_repr": "49> Collections and archives",
            "action_flag": 3,
            "change_message": ""
        }
    },
    {
        "model": "admin.logentry",
        "pk": 81,
        "fields": {
            "action_time": "2020-03-17T16:07:20.771Z",
            "user": 1,
            "content_type": 13,
            "object_id": "48",
            "object_repr": "48> Buildings and landscapes",
            "action_flag": 3,
            "change_message": ""
        }
    },
    {
        "model": "admin.logentry",
        "pk": 82,
        "fields": {
            "action_time": "2020-03-17T16:07:20.776Z",
            "user": 1,
            "content_type": 13,
            "object_id": "47",
            "object_repr": "47> Societal change",
            "action_flag": 3,
            "change_message": ""
        }
    },
    {
        "model": "admin.logentry",
        "pk": 83,
        "fields": {
            "action_time": "2020-03-17T16:07:20.781Z",
            "user": 1,
            "content_type": 13,
            "object_id": "46",
            "object_repr": "46> National planning and infrastructure",
            "action_flag": 3,
            "change_message": ""
        }
    },
    {
        "model": "admin.logentry",
        "pk": 84,
        "fields": {
            "action_time": "2020-03-17T16:07:20.788Z",
            "user": 1,
            "content_type": 13,
            "object_id": "45",
            "object_repr": "45> Local planning",
            "action_flag": 3,
            "change_message": ""
        }
    },
    {
        "model": "admin.logentry",
        "pk": 85,
        "fields": {
            "action_time": "2020-03-17T16:07:20.793Z",
            "user": 1,
            "content_type": 13,
            "object_id": "44",
            "object_repr": "44> Land management",
            "action_flag": 3,
            "change_message": ""
        }
    },
    {
        "model": "admin.logentry",
        "pk": 86,
        "fields": {
            "action_time": "2020-03-17T16:07:20.800Z",
            "user": 1,
            "content_type": 13,
            "object_id": "43",
            "object_repr": "43> Heritage crime",
            "action_flag": 3,
            "change_message": ""
        }
    },
    {
        "model": "admin.logentry",
        "pk": 87,
        "fields": {
            "action_time": "2020-03-17T16:07:20.805Z",
            "user": 1,
            "content_type": 13,
            "object_id": "42",
            "object_repr": "42> Climate change",
            "action_flag": 3,
            "change_message": ""
        }
    },
    {
        "model": "admin.logentry",
        "pk": 88,
        "fields": {
            "action_time": "2020-03-17T16:07:39.260Z",
            "user": 1,
            "content_type": 12,
            "object_id": "27",
            "object_repr": "27> Value",
            "action_flag": 3,
            "change_message": ""
        }
    },
    {
        "model": "admin.logentry",
        "pk": 89,
        "fields": {
            "action_time": "2020-03-17T16:07:39.265Z",
            "user": 1,
            "content_type": 12,
            "object_id": "26",
            "object_repr": "26> Understand",
            "action_flag": 3,
            "change_message": ""
        }
    },
    {
        "model": "admin.logentry",
        "pk": 90,
        "fields": {
            "action_time": "2020-03-17T16:07:39.272Z",
            "user": 1,
            "content_type": 12,
            "object_id": "25",
            "object_repr": "25> Skill",
            "action_flag": 3,
            "change_message": ""
        }
    },
    {
        "model": "admin.logentry",
        "pk": 91,
        "fields": {
            "action_time": "2020-03-17T16:07:39.276Z",
            "user": 1,
            "content_type": 12,
            "object_id": "24",
            "object_repr": "24> Inspire",
            "action_flag": 3,
            "change_message": ""
        }
    },
    {
        "model": "admin.logentry",
        "pk": 92,
        "fields": {
            "action_time": "2020-03-17T16:07:39.281Z",
            "user": 1,
            "content_type": 12,
            "object_id": "23",
            "object_repr": "23> Innovate",
            "action_flag": 3,
            "change_message": ""
        }
    },
    {
        "model": "admin.logentry",
        "pk": 93,
        "fields": {
            "action_time": "2020-03-17T16:07:39.288Z",
            "user": 1,
            "content_type": 12,
            "object_id": "22",
            "object_repr": "22> Inform",
            "action_flag": 3,
            "change_message": ""
        }
    },
    {
        "model": "admin.logentry",
        "pk": 94,
        "fields": {
            "action_time": "2020-03-17T16:07:39.294Z",
            "user": 1,
            "content_type": 12,
            "object_id": "21",
            "object_repr": "21> Diversity",
            "action_flag": 3,
            "change_message": ""
        }
    },
    {
        "model": "admin.logentry",
        "pk": 95,
        "fields": {
            "action_time": "2020-03-17T16:07:39.299Z",
            "user": 1,
            "content_type": 12,
            "object_id": "20",
            "object_repr": "20> Conserve",
            "action_flag": 3,
            "change_message": ""
        }
    },
    {
        "model": "admin.logentry",
        "pk": 96,
        "fields": {
            "action_time": "2020-03-17T16:07:39.304Z",
            "user": 1,
            "content_type": 12,
            "object_id": "19",
            "object_repr": "19> Adapt",
            "action_flag": 3,
            "change_message": ""
        }
    },
    {
        "model": "admin.logentry",
        "pk": 97,
        "fields": {
            "action_time": "2020-03-17T16:07:39.308Z",
            "user": 1,
            "content_type": 12,
            "object_id": "18",
            "object_repr": "18> Value",
            "action_flag": 3,
            "change_message": ""
        }
    },
    {
        "model": "admin.logentry",
        "pk": 98,
        "fields": {
            "action_time": "2020-03-17T16:07:39.315Z",
            "user": 1,
            "content_type": 12,
            "object_id": "17",
            "object_repr": "17> Understand",
            "action_flag": 3,
            "change_message": ""
        }
    },
    {
        "model": "admin.logentry",
        "pk": 99,
        "fields": {
            "action_time": "2020-03-17T16:07:39.322Z",
            "user": 1,
            "content_type": 12,
            "object_id": "16",
            "object_repr": "16> Skill",
            "action_flag": 3,
            "change_message": ""
        }
    },
    {
        "model": "admin.logentry",
        "pk": 100,
        "fields": {
            "action_time": "2020-03-17T16:07:39.327Z",
            "user": 1,
            "content_type": 12,
            "object_id": "15",
            "object_repr": "15> Inspire",
            "action_flag": 3,
            "change_message": ""
        }
    },
    {
        "model": "admin.logentry",
        "pk": 101,
        "fields": {
            "action_time": "2020-03-17T16:07:39.333Z",
            "user": 1,
            "content_type": 12,
            "object_id": "14",
            "object_repr": "14> Innovate",
            "action_flag": 3,
            "change_message": ""
        }
    },
    {
        "model": "admin.logentry",
        "pk": 102,
        "fields": {
            "action_time": "2020-03-17T16:07:39.343Z",
            "user": 1,
            "content_type": 12,
            "object_id": "13",
            "object_repr": "13> Inform",
            "action_flag": 3,
            "change_message": ""
        }
    },
    {
        "model": "admin.logentry",
        "pk": 103,
        "fields": {
            "action_time": "2020-03-17T16:07:39.349Z",
            "user": 1,
            "content_type": 12,
            "object_id": "12",
            "object_repr": "12> Diversity",
            "action_flag": 3,
            "change_message": ""
        }
    },
    {
        "model": "admin.logentry",
        "pk": 104,
        "fields": {
            "action_time": "2020-03-17T16:07:39.358Z",
            "user": 1,
            "content_type": 12,
            "object_id": "11",
            "object_repr": "11> Conserve",
            "action_flag": 3,
            "change_message": ""
        }
    },
    {
        "model": "admin.logentry",
        "pk": 105,
        "fields": {
            "action_time": "2020-03-17T16:07:39.364Z",
            "user": 1,
            "content_type": 12,
            "object_id": "10",
            "object_repr": "10> Adapt",
            "action_flag": 3,
            "change_message": ""
        }
    },
    {
        "model": "admin.logentry",
        "pk": 106,
        "fields": {
            "action_time": "2020-03-17T16:07:39.369Z",
            "user": 1,
            "content_type": 12,
            "object_id": "9",
            "object_repr": "9> Value",
            "action_flag": 3,
            "change_message": ""
        }
    },
    {
        "model": "admin.logentry",
        "pk": 107,
        "fields": {
            "action_time": "2020-03-17T16:07:39.377Z",
            "user": 1,
            "content_type": 12,
            "object_id": "8",
            "object_repr": "8> Understand",
            "action_flag": 3,
            "change_message": ""
        }
    },
    {
        "model": "admin.logentry",
        "pk": 108,
        "fields": {
            "action_time": "2020-03-17T16:07:39.383Z",
            "user": 1,
            "content_type": 12,
            "object_id": "7",
            "object_repr": "7> Skill",
            "action_flag": 3,
            "change_message": ""
        }
    },
    {
        "model": "admin.logentry",
        "pk": 109,
        "fields": {
            "action_time": "2020-03-17T16:07:39.391Z",
            "user": 1,
            "content_type": 12,
            "object_id": "6",
            "object_repr": "6> Inspire",
            "action_flag": 3,
            "change_message": ""
        }
    },
    {
        "model": "admin.logentry",
        "pk": 110,
        "fields": {
            "action_time": "2020-03-17T16:07:39.396Z",
            "user": 1,
            "content_type": 12,
            "object_id": "5",
            "object_repr": "5> Innovate",
            "action_flag": 3,
            "change_message": ""
        }
    },
    {
        "model": "admin.logentry",
        "pk": 111,
        "fields": {
            "action_time": "2020-03-17T16:07:39.402Z",
            "user": 1,
            "content_type": 12,
            "object_id": "4",
            "object_repr": "4> Inform",
            "action_flag": 3,
            "change_message": ""
        }
    },
    {
        "model": "admin.logentry",
        "pk": 112,
        "fields": {
            "action_time": "2020-03-17T16:07:39.410Z",
            "user": 1,
            "content_type": 12,
            "object_id": "3",
            "object_repr": "3> Diversity",
            "action_flag": 3,
            "change_message": ""
        }
    },
    {
        "model": "admin.logentry",
        "pk": 113,
        "fields": {
            "action_time": "2020-03-17T16:07:39.415Z",
            "user": 1,
            "content_type": 12,
            "object_id": "2",
            "object_repr": "2> Conserve",
            "action_flag": 3,
            "change_message": ""
        }
    },
    {
        "model": "admin.logentry",
        "pk": 114,
        "fields": {
            "action_time": "2020-03-17T16:07:39.422Z",
            "user": 1,
            "content_type": 12,
            "object_id": "1",
            "object_repr": "1> Adapt",
            "action_flag": 3,
            "change_message": ""
        }
    },
    {
        "model": "admin.logentry",
        "pk": 115,
        "fields": {
            "action_time": "2020-03-17T16:15:20.432Z",
            "user": 1,
            "content_type": 13,
            "object_id": "105",
            "object_repr": "105> Social value",
            "action_flag": 3,
            "change_message": ""
        }
    },
    {
        "model": "admin.logentry",
        "pk": 116,
        "fields": {
            "action_time": "2020-03-17T16:15:20.440Z",
            "user": 1,
            "content_type": 13,
            "object_id": "104",
            "object_repr": "104> Economic value",
            "action_flag": 3,
            "change_message": ""
        }
    },
    {
        "model": "admin.logentry",
        "pk": 117,
        "fields": {
            "action_time": "2020-03-17T16:15:20.449Z",
            "user": 1,
            "content_type": 13,
            "object_id": "103",
            "object_repr": "103> Contested values",
            "action_flag": 3,
            "change_message": ""
        }
    },
    {
        "model": "admin.logentry",
        "pk": 118,
        "fields": {
            "action_time": "2020-03-17T16:15:20.454Z",
            "user": 1,
            "content_type": 13,
            "object_id": "102",
            "object_repr": "102> Water, wetlands and waterlogged",
            "action_flag": 3,
            "change_message": ""
        }
    },
    {
        "model": "admin.logentry",
        "pk": 119,
        "fields": {
            "action_time": "2020-03-17T16:15:20.459Z",
            "user": 1,
            "content_type": 13,
            "object_id": "101",
            "object_repr": "101> Urban and public realm",
            "action_flag": 3,
            "change_message": ""
        }
    },
    {
        "model": "admin.logentry",
        "pk": 120,
        "fields": {
            "action_time": "2020-03-17T16:15:20.464Z",
            "user": 1,
            "content_type": 13,
            "object_id": "100",
            "object_repr": "100> Understanding the Historic England Archive",
            "action_flag": 3,
            "change_message": ""
        }
    },
    {
        "model": "admin.logentry",
        "pk": 121,
        "fields": {
            "action_time": "2020-03-17T16:15:20.469Z",
            "user": 1,
            "content_type": 13,
            "object_id": "99",
            "object_repr": "99> Rural landscape",
            "action_flag": 3,
            "change_message": ""
        }
    },
    {
        "model": "admin.logentry",
        "pk": 122,
        "fields": {
            "action_time": "2020-03-17T16:15:20.475Z",
            "user": 1,
            "content_type": 13,
            "object_id": "98",
            "object_repr": "98> Military and defence",
            "action_flag": 3,
            "change_message": ""
        }
    },
    {
        "model": "admin.logentry",
        "pk": 123,
        "fields": {
            "action_time": "2020-03-17T16:15:20.480Z",
            "user": 1,
            "content_type": 13,
            "object_id": "97",
            "object_repr": "97> Marine and maritime",
            "action_flag": 3,
            "change_message": ""
        }
    },
    {
        "model": "admin.logentry",
        "pk": 124,
        "fields": {
            "action_time": "2020-03-17T16:15:20.485Z",
            "user": 1,
            "content_type": 13,
            "object_id": "96",
            "object_repr": "96> Industrial and infrastructure",
            "action_flag": 3,
            "change_message": ""
        }
    },
    {
        "model": "admin.logentry",
        "pk": 125,
        "fields": {
            "action_time": "2020-03-17T16:15:20.490Z",
            "user": 1,
            "content_type": 13,
            "object_id": "95",
            "object_repr": "95> Faith and commemoration",
            "action_flag": 3,
            "change_message": ""
        }
    },
    {
        "model": "admin.logentry",
        "pk": 126,
        "fields": {
            "action_time": "2020-03-17T16:15:20.499Z",
            "user": 1,
            "content_type": 13,
            "object_id": "94",
            "object_repr": "94> Archaeology of the deeper past",
            "action_flag": 3,
            "change_message": ""
        }
    },
    {
        "model": "admin.logentry",
        "pk": 127,
        "fields": {
            "action_time": "2020-03-17T16:15:20.505Z",
            "user": 1,
            "content_type": 13,
            "object_id": "93",
            "object_repr": "93> Working more effectively",
            "action_flag": 3,
            "change_message": ""
        }
    },
    {
        "model": "admin.logentry",
        "pk": 128,
        "fields": {
            "action_time": "2020-03-17T16:15:20.514Z",
            "user": 1,
            "content_type": 13,
            "object_id": "92",
            "object_repr": "92> Developing the workforce",
            "action_flag": 3,
            "change_message": ""
        }
    },
    {
        "model": "admin.logentry",
        "pk": 129,
        "fields": {
            "action_time": "2020-03-17T16:15:20.520Z",
            "user": 1,
            "content_type": 13,
            "object_id": "91",
            "object_repr": "91> Research media",
            "action_flag": 3,
            "change_message": ""
        }
    },
    {
        "model": "admin.logentry",
        "pk": 130,
        "fields": {
            "action_time": "2020-03-17T16:15:20.525Z",
            "user": 1,
            "content_type": 13,
            "object_id": "90",
            "object_repr": "90> Audience research",
            "action_flag": 3,
            "change_message": ""
        }
    },
    {
        "model": "admin.logentry",
        "pk": 131,
        "fields": {
            "action_time": "2020-03-17T16:15:20.531Z",
            "user": 1,
            "content_type": 13,
            "object_id": "89",
            "object_repr": "89> Materials",
            "action_flag": 3,
            "change_message": ""
        }
    },
    {
        "model": "admin.logentry",
        "pk": 132,
        "fields": {
            "action_time": "2020-03-17T16:15:20.537Z",
            "user": 1,
            "content_type": 13,
            "object_id": "88",
            "object_repr": "88> Human environment",
            "action_flag": 3,
            "change_message": ""
        }
    },
    {
        "model": "admin.logentry",
        "pk": 133,
        "fields": {
            "action_time": "2020-03-17T16:15:20.548Z",
            "user": 1,
            "content_type": 13,
            "object_id": "87",
            "object_repr": "87> Dating and chronology",
            "action_flag": 3,
            "change_message": ""
        }
    },
    {
        "model": "admin.logentry",
        "pk": 134,
        "fields": {
            "action_time": "2020-03-17T16:15:20.555Z",
            "user": 1,
            "content_type": 13,
            "object_id": "86",
            "object_repr": "86> New narratives from 'big data'",
            "action_flag": 3,
            "change_message": ""
        }
    },
    {
        "model": "admin.logentry",
        "pk": 135,
        "fields": {
            "action_time": "2020-03-17T16:15:20.567Z",
            "user": 1,
            "content_type": 13,
            "object_id": "85",
            "object_repr": "85> Information systems and services",
            "action_flag": 3,
            "change_message": ""
        }
    },
    {
        "model": "admin.logentry",
        "pk": 136,
        "fields": {
            "action_time": "2020-03-17T16:15:20.575Z",
            "user": 1,
            "content_type": 13,
            "object_id": "84",
            "object_repr": "84> Workforce diversity",
            "action_flag": 3,
            "change_message": ""
        }
    },
    {
        "model": "admin.logentry",
        "pk": 137,
        "fields": {
            "action_time": "2020-03-17T16:15:20.587Z",
            "user": 1,
            "content_type": 13,
            "object_id": "83",
            "object_repr": "83> Exploring diversity",
            "action_flag": 3,
            "change_message": ""
        }
    },
    {
        "model": "admin.logentry",
        "pk": 138,
        "fields": {
            "action_time": "2020-03-17T16:15:20.592Z",
            "user": 1,
            "content_type": 13,
            "object_id": "82",
            "object_repr": "82> Preserving archaeological remains",
            "action_flag": 3,
            "change_message": ""
        }
    },
    {
        "model": "admin.logentry",
        "pk": 139,
        "fields": {
            "action_time": "2020-03-17T16:15:20.597Z",
            "user": 1,
            "content_type": 13,
            "object_id": "81",
            "object_repr": "81> Collections and archives",
            "action_flag": 3,
            "change_message": ""
        }
    },
    {
        "model": "admin.logentry",
        "pk": 140,
        "fields": {
            "action_time": "2020-03-17T16:15:20.604Z",
            "user": 1,
            "content_type": 13,
            "object_id": "80",
            "object_repr": "80> Buildings and landscapes",
            "action_flag": 3,
            "change_message": ""
        }
    },
    {
        "model": "admin.logentry",
        "pk": 141,
        "fields": {
            "action_time": "2020-03-17T16:15:20.609Z",
            "user": 1,
            "content_type": 13,
            "object_id": "79",
            "object_repr": "79> Societal change",
            "action_flag": 3,
            "change_message": ""
        }
    },
    {
        "model": "admin.logentry",
        "pk": 142,
        "fields": {
            "action_time": "2020-03-17T16:15:20.615Z",
            "user": 1,
            "content_type": 13,
            "object_id": "78",
            "object_repr": "78> National planning and infrastructure",
            "action_flag": 3,
            "change_message": ""
        }
    },
    {
        "model": "admin.logentry",
        "pk": 143,
        "fields": {
            "action_time": "2020-03-17T16:15:20.621Z",
            "user": 1,
            "content_type": 13,
            "object_id": "77",
            "object_repr": "77> Local planning",
            "action_flag": 3,
            "change_message": ""
        }
    },
    {
        "model": "admin.logentry",
        "pk": 144,
        "fields": {
            "action_time": "2020-03-17T16:15:20.631Z",
            "user": 1,
            "content_type": 13,
            "object_id": "76",
            "object_repr": "76> Land management",
            "action_flag": 3,
            "change_message": ""
        }
    },
    {
        "model": "admin.logentry",
        "pk": 145,
        "fields": {
            "action_time": "2020-03-17T16:15:20.637Z",
            "user": 1,
            "content_type": 13,
            "object_id": "75",
            "object_repr": "75> Heritage crime",
            "action_flag": 3,
            "change_message": ""
        }
    },
    {
        "model": "admin.logentry",
        "pk": 146,
        "fields": {
            "action_time": "2020-03-17T16:15:20.642Z",
            "user": 1,
            "content_type": 13,
            "object_id": "74",
            "object_repr": "74> Climate change",
            "action_flag": 3,
            "change_message": ""
        }
    },
    {
        "model": "admin.logentry",
        "pk": 147,
        "fields": {
            "action_time": "2020-03-17T16:15:35.646Z",
            "user": 1,
            "content_type": 12,
            "object_id": "36",
            "object_repr": "36> Value",
            "action_flag": 3,
            "change_message": ""
        }
    },
    {
        "model": "admin.logentry",
        "pk": 148,
        "fields": {
            "action_time": "2020-03-17T16:15:35.654Z",
            "user": 1,
            "content_type": 12,
            "object_id": "35",
            "object_repr": "35> Understand",
            "action_flag": 3,
            "change_message": ""
        }
    },
    {
        "model": "admin.logentry",
        "pk": 149,
        "fields": {
            "action_time": "2020-03-17T16:15:35.658Z",
            "user": 1,
            "content_type": 12,
            "object_id": "34",
            "object_repr": "34> Skill",
            "action_flag": 3,
            "change_message": ""
        }
    },
    {
        "model": "admin.logentry",
        "pk": 150,
        "fields": {
            "action_time": "2020-03-17T16:15:35.662Z",
            "user": 1,
            "content_type": 12,
            "object_id": "33",
            "object_repr": "33> Inspire",
            "action_flag": 3,
            "change_message": ""
        }
    },
    {
        "model": "admin.logentry",
        "pk": 151,
        "fields": {
            "action_time": "2020-03-17T16:15:35.666Z",
            "user": 1,
            "content_type": 12,
            "object_id": "32",
            "object_repr": "32> Innovate",
            "action_flag": 3,
            "change_message": ""
        }
    },
    {
        "model": "admin.logentry",
        "pk": 152,
        "fields": {
            "action_time": "2020-03-17T16:15:35.671Z",
            "user": 1,
            "content_type": 12,
            "object_id": "31",
            "object_repr": "31> Inform",
            "action_flag": 3,
            "change_message": ""
        }
    },
    {
        "model": "admin.logentry",
        "pk": 153,
        "fields": {
            "action_time": "2020-03-17T16:15:35.674Z",
            "user": 1,
            "content_type": 12,
            "object_id": "30",
            "object_repr": "30> Diversity",
            "action_flag": 3,
            "change_message": ""
        }
    },
    {
        "model": "admin.logentry",
        "pk": 154,
        "fields": {
            "action_time": "2020-03-17T16:15:35.678Z",
            "user": 1,
            "content_type": 12,
            "object_id": "29",
            "object_repr": "29> Conserve",
            "action_flag": 3,
            "change_message": ""
        }
    },
    {
        "model": "admin.logentry",
        "pk": 155,
        "fields": {
            "action_time": "2020-03-17T16:15:35.682Z",
            "user": 1,
            "content_type": 12,
            "object_id": "28",
            "object_repr": "28> Adapt",
            "action_flag": 3,
            "change_message": ""
        }
    },
    {
        "model": "admin.logentry",
        "pk": 156,
        "fields": {
            "action_time": "2020-03-17T16:41:33.601Z",
            "user": 1,
            "content_type": 12,
            "object_id": "45",
            "object_repr": "45> Value",
            "action_flag": 3,
            "change_message": ""
        }
    },
    {
        "model": "admin.logentry",
        "pk": 157,
        "fields": {
            "action_time": "2020-03-17T16:41:33.606Z",
            "user": 1,
            "content_type": 12,
            "object_id": "44",
            "object_repr": "44> Understand",
            "action_flag": 3,
            "change_message": ""
        }
    },
    {
        "model": "admin.logentry",
        "pk": 158,
        "fields": {
            "action_time": "2020-03-17T16:41:33.611Z",
            "user": 1,
            "content_type": 12,
            "object_id": "43",
            "object_repr": "43> Skill",
            "action_flag": 3,
            "change_message": ""
        }
    },
    {
        "model": "admin.logentry",
        "pk": 159,
        "fields": {
            "action_time": "2020-03-17T16:41:33.615Z",
            "user": 1,
            "content_type": 12,
            "object_id": "42",
            "object_repr": "42> Inspire",
            "action_flag": 3,
            "change_message": ""
        }
    },
    {
        "model": "admin.logentry",
        "pk": 160,
        "fields": {
            "action_time": "2020-03-17T16:41:33.619Z",
            "user": 1,
            "content_type": 12,
            "object_id": "41",
            "object_repr": "41> Innovate",
            "action_flag": 3,
            "change_message": ""
        }
    },
    {
        "model": "admin.logentry",
        "pk": 161,
        "fields": {
            "action_time": "2020-03-17T16:41:33.624Z",
            "user": 1,
            "content_type": 12,
            "object_id": "40",
            "object_repr": "40> Inform",
            "action_flag": 3,
            "change_message": ""
        }
    },
    {
        "model": "admin.logentry",
        "pk": 162,
        "fields": {
            "action_time": "2020-03-17T16:41:33.631Z",
            "user": 1,
            "content_type": 12,
            "object_id": "39",
            "object_repr": "39> Diversity",
            "action_flag": 3,
            "change_message": ""
        }
    },
    {
        "model": "admin.logentry",
        "pk": 163,
        "fields": {
            "action_time": "2020-03-17T16:41:33.635Z",
            "user": 1,
            "content_type": 12,
            "object_id": "38",
            "object_repr": "38> Conserve",
            "action_flag": 3,
            "change_message": ""
        }
    },
    {
        "model": "admin.logentry",
        "pk": 164,
        "fields": {
            "action_time": "2020-03-17T16:41:33.640Z",
            "user": 1,
            "content_type": 12,
            "object_id": "37",
            "object_repr": "37> Adapt",
            "action_flag": 3,
            "change_message": ""
        }
    },
    {
        "model": "admin.logentry",
        "pk": 165,
        "fields": {
            "action_time": "2020-03-17T16:41:46.982Z",
            "user": 1,
            "content_type": 13,
            "object_id": "137",
            "object_repr": "137> Social value",
            "action_flag": 3,
            "change_message": ""
        }
    },
    {
        "model": "admin.logentry",
        "pk": 166,
        "fields": {
            "action_time": "2020-03-17T16:41:46.987Z",
            "user": 1,
            "content_type": 13,
            "object_id": "136",
            "object_repr": "136> Economic value",
            "action_flag": 3,
            "change_message": ""
        }
    },
    {
        "model": "admin.logentry",
        "pk": 167,
        "fields": {
            "action_time": "2020-03-17T16:41:46.993Z",
            "user": 1,
            "content_type": 13,
            "object_id": "135",
            "object_repr": "135> Contested values",
            "action_flag": 3,
            "change_message": ""
        }
    },
    {
        "model": "admin.logentry",
        "pk": 168,
        "fields": {
            "action_time": "2020-03-17T16:41:46.998Z",
            "user": 1,
            "content_type": 13,
            "object_id": "134",
            "object_repr": "134> Water, wetlands and waterlogged",
            "action_flag": 3,
            "change_message": ""
        }
    },
    {
        "model": "admin.logentry",
        "pk": 169,
        "fields": {
            "action_time": "2020-03-17T16:41:47.003Z",
            "user": 1,
            "content_type": 13,
            "object_id": "133",
            "object_repr": "133> Urban and public realm",
            "action_flag": 3,
            "change_message": ""
        }
    },
    {
        "model": "admin.logentry",
        "pk": 170,
        "fields": {
            "action_time": "2020-03-17T16:41:47.008Z",
            "user": 1,
            "content_type": 13,
            "object_id": "132",
            "object_repr": "132> Understanding the Historic England Archive",
            "action_flag": 3,
            "change_message": ""
        }
    },
    {
        "model": "admin.logentry",
        "pk": 171,
        "fields": {
            "action_time": "2020-03-17T16:41:47.013Z",
            "user": 1,
            "content_type": 13,
            "object_id": "131",
            "object_repr": "131> Rural landscape",
            "action_flag": 3,
            "change_message": ""
        }
    },
    {
        "model": "admin.logentry",
        "pk": 172,
        "fields": {
            "action_time": "2020-03-17T16:41:47.016Z",
            "user": 1,
            "content_type": 13,
            "object_id": "130",
            "object_repr": "130> Military and defence",
            "action_flag": 3,
            "change_message": ""
        }
    },
    {
        "model": "admin.logentry",
        "pk": 173,
        "fields": {
            "action_time": "2020-03-17T16:41:47.021Z",
            "user": 1,
            "content_type": 13,
            "object_id": "129",
            "object_repr": "129> Marine and maritime",
            "action_flag": 3,
            "change_message": ""
        }
    },
    {
        "model": "admin.logentry",
        "pk": 174,
        "fields": {
            "action_time": "2020-03-17T16:41:47.025Z",
            "user": 1,
            "content_type": 13,
            "object_id": "128",
            "object_repr": "128> Industrial and infrastructure",
            "action_flag": 3,
            "change_message": ""
        }
    },
    {
        "model": "admin.logentry",
        "pk": 175,
        "fields": {
            "action_time": "2020-03-17T16:41:47.030Z",
            "user": 1,
            "content_type": 13,
            "object_id": "127",
            "object_repr": "127> Faith and commemoration",
            "action_flag": 3,
            "change_message": ""
        }
    },
    {
        "model": "admin.logentry",
        "pk": 176,
        "fields": {
            "action_time": "2020-03-17T16:41:47.035Z",
            "user": 1,
            "content_type": 13,
            "object_id": "126",
            "object_repr": "126> Archaeology of the deeper past",
            "action_flag": 3,
            "change_message": ""
        }
    },
    {
        "model": "admin.logentry",
        "pk": 177,
        "fields": {
            "action_time": "2020-03-17T16:41:47.038Z",
            "user": 1,
            "content_type": 13,
            "object_id": "125",
            "object_repr": "125> Working more effectively",
            "action_flag": 3,
            "change_message": ""
        }
    },
    {
        "model": "admin.logentry",
        "pk": 178,
        "fields": {
            "action_time": "2020-03-17T16:41:47.044Z",
            "user": 1,
            "content_type": 13,
            "object_id": "124",
            "object_repr": "124> Developing the workforce",
            "action_flag": 3,
            "change_message": ""
        }
    },
    {
        "model": "admin.logentry",
        "pk": 179,
        "fields": {
            "action_time": "2020-03-17T16:41:47.047Z",
            "user": 1,
            "content_type": 13,
            "object_id": "123",
            "object_repr": "123> Research media",
            "action_flag": 3,
            "change_message": ""
        }
    },
    {
        "model": "admin.logentry",
        "pk": 180,
        "fields": {
            "action_time": "2020-03-17T16:41:47.051Z",
            "user": 1,
            "content_type": 13,
            "object_id": "122",
            "object_repr": "122> Audience research",
            "action_flag": 3,
            "change_message": ""
        }
    },
    {
        "model": "admin.logentry",
        "pk": 181,
        "fields": {
            "action_time": "2020-03-17T16:41:47.054Z",
            "user": 1,
            "content_type": 13,
            "object_id": "121",
            "object_repr": "121> Materials",
            "action_flag": 3,
            "change_message": ""
        }
    },
    {
        "model": "admin.logentry",
        "pk": 182,
        "fields": {
            "action_time": "2020-03-17T16:41:47.057Z",
            "user": 1,
            "content_type": 13,
            "object_id": "120",
            "object_repr": "120> Human environment",
            "action_flag": 3,
            "change_message": ""
        }
    },
    {
        "model": "admin.logentry",
        "pk": 183,
        "fields": {
            "action_time": "2020-03-17T16:41:47.061Z",
            "user": 1,
            "content_type": 13,
            "object_id": "119",
            "object_repr": "119> Dating and chronology",
            "action_flag": 3,
            "change_message": ""
        }
    },
    {
        "model": "admin.logentry",
        "pk": 184,
        "fields": {
            "action_time": "2020-03-17T16:41:47.066Z",
            "user": 1,
            "content_type": 13,
            "object_id": "118",
            "object_repr": "118> New narratives from 'big data'",
            "action_flag": 3,
            "change_message": ""
        }
    },
    {
        "model": "admin.logentry",
        "pk": 185,
        "fields": {
            "action_time": "2020-03-17T16:41:47.069Z",
            "user": 1,
            "content_type": 13,
            "object_id": "117",
            "object_repr": "117> Information systems and services",
            "action_flag": 3,
            "change_message": ""
        }
    },
    {
        "model": "admin.logentry",
        "pk": 186,
        "fields": {
            "action_time": "2020-03-17T16:41:47.073Z",
            "user": 1,
            "content_type": 13,
            "object_id": "116",
            "object_repr": "116> Workforce diversity",
            "action_flag": 3,
            "change_message": ""
        }
    },
    {
        "model": "admin.logentry",
        "pk": 187,
        "fields": {
            "action_time": "2020-03-17T16:41:47.078Z",
            "user": 1,
            "content_type": 13,
            "object_id": "115",
            "object_repr": "115> Exploring diversity",
            "action_flag": 3,
            "change_message": ""
        }
    },
    {
        "model": "admin.logentry",
        "pk": 188,
        "fields": {
            "action_time": "2020-03-17T16:41:47.082Z",
            "user": 1,
            "content_type": 13,
            "object_id": "114",
            "object_repr": "114> Preserving archaeological remains",
            "action_flag": 3,
            "change_message": ""
        }
    },
    {
        "model": "admin.logentry",
        "pk": 189,
        "fields": {
            "action_time": "2020-03-17T16:41:47.086Z",
            "user": 1,
            "content_type": 13,
            "object_id": "113",
            "object_repr": "113> Collections and archives",
            "action_flag": 3,
            "change_message": ""
        }
    },
    {
        "model": "admin.logentry",
        "pk": 190,
        "fields": {
            "action_time": "2020-03-17T16:41:47.091Z",
            "user": 1,
            "content_type": 13,
            "object_id": "112",
            "object_repr": "112> Buildings and landscapes",
            "action_flag": 3,
            "change_message": ""
        }
    },
    {
        "model": "admin.logentry",
        "pk": 191,
        "fields": {
            "action_time": "2020-03-17T16:41:47.110Z",
            "user": 1,
            "content_type": 13,
            "object_id": "111",
            "object_repr": "111> Societal change",
            "action_flag": 3,
            "change_message": ""
        }
    },
    {
        "model": "admin.logentry",
        "pk": 192,
        "fields": {
            "action_time": "2020-03-17T16:41:47.114Z",
            "user": 1,
            "content_type": 13,
            "object_id": "110",
            "object_repr": "110> National planning and infrastructure",
            "action_flag": 3,
            "change_message": ""
        }
    },
    {
        "model": "admin.logentry",
        "pk": 193,
        "fields": {
            "action_time": "2020-03-17T16:41:47.117Z",
            "user": 1,
            "content_type": 13,
            "object_id": "109",
            "object_repr": "109> Local planning",
            "action_flag": 3,
            "change_message": ""
        }
    },
    {
        "model": "admin.logentry",
        "pk": 194,
        "fields": {
            "action_time": "2020-03-17T16:41:47.121Z",
            "user": 1,
            "content_type": 13,
            "object_id": "108",
            "object_repr": "108> Land management",
            "action_flag": 3,
            "change_message": ""
        }
    },
    {
        "model": "admin.logentry",
        "pk": 195,
        "fields": {
            "action_time": "2020-03-17T16:41:47.125Z",
            "user": 1,
            "content_type": 13,
            "object_id": "107",
            "object_repr": "107> Heritage crime",
            "action_flag": 3,
            "change_message": ""
        }
    },
    {
        "model": "admin.logentry",
        "pk": 196,
        "fields": {
            "action_time": "2020-03-17T16:41:47.129Z",
            "user": 1,
            "content_type": 13,
            "object_id": "106",
            "object_repr": "106> Climate change",
            "action_flag": 3,
            "change_message": ""
        }
    },
    {
        "model": "admin.logentry",
        "pk": 197,
        "fields": {
            "action_time": "2020-03-17T16:43:11.645Z",
            "user": 1,
            "content_type": 13,
            "object_id": "155",
            "object_repr": "155> Contested values",
            "action_flag": 3,
            "change_message": ""
        }
    },
    {
        "model": "admin.logentry",
        "pk": 198,
        "fields": {
            "action_time": "2020-03-17T16:43:11.651Z",
            "user": 1,
            "content_type": 13,
            "object_id": "154",
            "object_repr": "154> Archaeology of the deeper past",
            "action_flag": 3,
            "change_message": ""
        }
    },
    {
        "model": "admin.logentry",
        "pk": 199,
        "fields": {
            "action_time": "2020-03-17T16:43:11.656Z",
            "user": 1,
            "content_type": 13,
            "object_id": "153",
            "object_repr": "153> Developing the workforce",
            "action_flag": 3,
            "change_message": ""
        }
    },
    {
        "model": "admin.logentry",
        "pk": 200,
        "fields": {
            "action_time": "2020-03-17T16:43:11.666Z",
            "user": 1,
            "content_type": 13,
            "object_id": "152",
            "object_repr": "152> Audience research",
            "action_flag": 3,
            "change_message": ""
        }
    },
    {
        "model": "admin.logentry",
        "pk": 201,
        "fields": {
            "action_time": "2020-03-17T16:43:11.672Z",
            "user": 1,
            "content_type": 13,
            "object_id": "151",
            "object_repr": "151> Dating and chronology",
            "action_flag": 3,
            "change_message": ""
        }
    },
    {
        "model": "admin.logentry",
        "pk": 202,
        "fields": {
            "action_time": "2020-03-17T16:43:11.679Z",
            "user": 1,
            "content_type": 13,
            "object_id": "150",
            "object_repr": "150> Information systems and services",
            "action_flag": 3,
            "change_message": ""
        }
    },
    {
        "model": "admin.logentry",
        "pk": 203,
        "fields": {
            "action_time": "2020-03-17T16:43:11.689Z",
            "user": 1,
            "content_type": 13,
            "object_id": "149",
            "object_repr": "149> Exploring diversity",
            "action_flag": 3,
            "change_message": ""
        }
    },
    {
        "model": "admin.logentry",
        "pk": 204,
        "fields": {
            "action_time": "2020-03-17T16:43:11.695Z",
            "user": 1,
            "content_type": 13,
            "object_id": "148",
            "object_repr": "148> Buildings and landscapes",
            "action_flag": 3,
            "change_message": ""
        }
    },
    {
        "model": "admin.logentry",
        "pk": 205,
        "fields": {
            "action_time": "2020-03-17T16:43:11.700Z",
            "user": 1,
            "content_type": 13,
            "object_id": "147",
            "object_repr": "147> Climate change",
            "action_flag": 3,
            "change_message": ""
        }
    },
    {
        "model": "admin.logentry",
        "pk": 206,
        "fields": {
            "action_time": "2020-03-17T16:43:11.705Z",
            "user": 1,
            "content_type": 13,
            "object_id": "146",
            "object_repr": "146> Contested values",
            "action_flag": 3,
            "change_message": ""
        }
    },
    {
        "model": "admin.logentry",
        "pk": 207,
        "fields": {
            "action_time": "2020-03-17T16:43:11.711Z",
            "user": 1,
            "content_type": 13,
            "object_id": "145",
            "object_repr": "145> Archaeology of the deeper past",
            "action_flag": 3,
            "change_message": ""
        }
    },
    {
        "model": "admin.logentry",
        "pk": 208,
        "fields": {
            "action_time": "2020-03-17T16:43:11.717Z",
            "user": 1,
            "content_type": 13,
            "object_id": "144",
            "object_repr": "144> Developing the workforce",
            "action_flag": 3,
            "change_message": ""
        }
    },
    {
        "model": "admin.logentry",
        "pk": 209,
        "fields": {
            "action_time": "2020-03-17T16:43:11.721Z",
            "user": 1,
            "content_type": 13,
            "object_id": "143",
            "object_repr": "143> Audience research",
            "action_flag": 3,
            "change_message": ""
        }
    },
    {
        "model": "admin.logentry",
        "pk": 210,
        "fields": {
            "action_time": "2020-03-17T16:43:11.728Z",
            "user": 1,
            "content_type": 13,
            "object_id": "142",
            "object_repr": "142> Dating and chronology",
            "action_flag": 3,
            "change_message": ""
        }
    },
    {
        "model": "admin.logentry",
        "pk": 211,
        "fields": {
            "action_time": "2020-03-17T16:43:11.739Z",
            "user": 1,
            "content_type": 13,
            "object_id": "141",
            "object_repr": "141> Information systems and services",
            "action_flag": 3,
            "change_message": ""
        }
    },
    {
        "model": "admin.logentry",
        "pk": 212,
        "fields": {
            "action_time": "2020-03-17T16:43:11.752Z",
            "user": 1,
            "content_type": 13,
            "object_id": "140",
            "object_repr": "140> Exploring diversity",
            "action_flag": 3,
            "change_message": ""
        }
    },
    {
        "model": "admin.logentry",
        "pk": 213,
        "fields": {
            "action_time": "2020-03-17T16:43:11.761Z",
            "user": 1,
            "content_type": 13,
            "object_id": "139",
            "object_repr": "139> Buildings and landscapes",
            "action_flag": 3,
            "change_message": ""
        }
    },
    {
        "model": "admin.logentry",
        "pk": 214,
        "fields": {
            "action_time": "2020-03-17T16:43:11.775Z",
            "user": 1,
            "content_type": 13,
            "object_id": "138",
            "object_repr": "138> Climate change",
            "action_flag": 3,
            "change_message": ""
        }
    },
    {
        "model": "admin.logentry",
        "pk": 215,
        "fields": {
            "action_time": "2020-03-17T16:43:26.227Z",
            "user": 1,
            "content_type": 12,
            "object_id": "63",
            "object_repr": "63> Value",
            "action_flag": 3,
            "change_message": ""
        }
    },
    {
        "model": "admin.logentry",
        "pk": 216,
        "fields": {
            "action_time": "2020-03-17T16:43:26.232Z",
            "user": 1,
            "content_type": 12,
            "object_id": "62",
            "object_repr": "62> Understand",
            "action_flag": 3,
            "change_message": ""
        }
    },
    {
        "model": "admin.logentry",
        "pk": 217,
        "fields": {
            "action_time": "2020-03-17T16:43:26.237Z",
            "user": 1,
            "content_type": 12,
            "object_id": "61",
            "object_repr": "61> Skill",
            "action_flag": 3,
            "change_message": ""
        }
    },
    {
        "model": "admin.logentry",
        "pk": 218,
        "fields": {
            "action_time": "2020-03-17T16:43:26.241Z",
            "user": 1,
            "content_type": 12,
            "object_id": "60",
            "object_repr": "60> Inspire",
            "action_flag": 3,
            "change_message": ""
        }
    },
    {
        "model": "admin.logentry",
        "pk": 219,
        "fields": {
            "action_time": "2020-03-17T16:43:26.245Z",
            "user": 1,
            "content_type": 12,
            "object_id": "59",
            "object_repr": "59> Innovate",
            "action_flag": 3,
            "change_message": ""
        }
    },
    {
        "model": "admin.logentry",
        "pk": 220,
        "fields": {
            "action_time": "2020-03-17T16:43:26.249Z",
            "user": 1,
            "content_type": 12,
            "object_id": "58",
            "object_repr": "58> Inform",
            "action_flag": 3,
            "change_message": ""
        }
    },
    {
        "model": "admin.logentry",
        "pk": 221,
        "fields": {
            "action_time": "2020-03-17T16:43:26.255Z",
            "user": 1,
            "content_type": 12,
            "object_id": "57",
            "object_repr": "57> Diversity",
            "action_flag": 3,
            "change_message": ""
        }
    },
    {
        "model": "admin.logentry",
        "pk": 222,
        "fields": {
            "action_time": "2020-03-17T16:43:26.259Z",
            "user": 1,
            "content_type": 12,
            "object_id": "56",
            "object_repr": "56> Conserve",
            "action_flag": 3,
            "change_message": ""
        }
    },
    {
        "model": "admin.logentry",
        "pk": 223,
        "fields": {
            "action_time": "2020-03-17T16:43:26.263Z",
            "user": 1,
            "content_type": 12,
            "object_id": "55",
            "object_repr": "55> Adapt",
            "action_flag": 3,
            "change_message": ""
        }
    },
    {
        "model": "admin.logentry",
        "pk": 224,
        "fields": {
            "action_time": "2020-03-17T16:43:26.268Z",
            "user": 1,
            "content_type": 12,
            "object_id": "54",
            "object_repr": "54> Value",
            "action_flag": 3,
            "change_message": ""
        }
    },
    {
        "model": "admin.logentry",
        "pk": 225,
        "fields": {
            "action_time": "2020-03-17T16:43:26.272Z",
            "user": 1,
            "content_type": 12,
            "object_id": "53",
            "object_repr": "53> Understand",
            "action_flag": 3,
            "change_message": ""
        }
    },
    {
        "model": "admin.logentry",
        "pk": 226,
        "fields": {
            "action_time": "2020-03-17T16:43:26.276Z",
            "user": 1,
            "content_type": 12,
            "object_id": "52",
            "object_repr": "52> Skill",
            "action_flag": 3,
            "change_message": ""
        }
    },
    {
        "model": "admin.logentry",
        "pk": 227,
        "fields": {
            "action_time": "2020-03-17T16:43:26.281Z",
            "user": 1,
            "content_type": 12,
            "object_id": "51",
            "object_repr": "51> Inspire",
            "action_flag": 3,
            "change_message": ""
        }
    },
    {
        "model": "admin.logentry",
        "pk": 228,
        "fields": {
            "action_time": "2020-03-17T16:43:26.288Z",
            "user": 1,
            "content_type": 12,
            "object_id": "50",
            "object_repr": "50> Innovate",
            "action_flag": 3,
            "change_message": ""
        }
    },
    {
        "model": "admin.logentry",
        "pk": 229,
        "fields": {
            "action_time": "2020-03-17T16:43:26.294Z",
            "user": 1,
            "content_type": 12,
            "object_id": "49",
            "object_repr": "49> Inform",
            "action_flag": 3,
            "change_message": ""
        }
    },
    {
        "model": "admin.logentry",
        "pk": 230,
        "fields": {
            "action_time": "2020-03-17T16:43:26.298Z",
            "user": 1,
            "content_type": 12,
            "object_id": "48",
            "object_repr": "48> Diversity",
            "action_flag": 3,
            "change_message": ""
        }
    },
    {
        "model": "admin.logentry",
        "pk": 231,
        "fields": {
            "action_time": "2020-03-17T16:43:26.304Z",
            "user": 1,
            "content_type": 12,
            "object_id": "47",
            "object_repr": "47> Conserve",
            "action_flag": 3,
            "change_message": ""
        }
    },
    {
        "model": "admin.logentry",
        "pk": 232,
        "fields": {
            "action_time": "2020-03-17T16:43:26.308Z",
            "user": 1,
            "content_type": 12,
            "object_id": "46",
            "object_repr": "46> Adapt",
            "action_flag": 3,
            "change_message": ""
        }
    },
    {
        "model": "admin.logentry",
        "pk": 233,
        "fields": {
            "action_time": "2020-03-17T18:20:35.474Z",
            "user": 1,
            "content_type": 13,
            "object_id": "157",
            "object_repr": "157> Heritage crime",
            "action_flag": 2,
            "change_message": "[{\"changed\": {\"fields\": [\"gtrs\"]}}]"
        }
    },
    {
        "model": "admin.logentry",
        "pk": 234,
        "fields": {
            "action_time": "2020-03-17T19:44:35.679Z",
            "user": 1,
            "content_type": 13,
            "object_id": "156",
            "object_repr": "156> Climate change",
            "action_flag": 2,
            "change_message": "[{\"changed\": {\"fields\": [\"gtrs\"]}}]"
        }
    },
    {
        "model": "admin.logentry",
        "pk": 235,
        "fields": {
            "action_time": "2020-03-17T19:45:14.222Z",
            "user": 1,
            "content_type": 13,
            "object_id": "158",
            "object_repr": "158> Land management",
            "action_flag": 2,
            "change_message": "[{\"changed\": {\"fields\": [\"gtrs\"]}}]"
        }
    },
    {
        "model": "admin.logentry",
        "pk": 236,
        "fields": {
            "action_time": "2020-03-17T19:54:58.538Z",
            "user": 1,
            "content_type": 13,
            "object_id": "159",
            "object_repr": "159> Local planning",
            "action_flag": 2,
            "change_message": "[{\"changed\": {\"fields\": [\"gtrs\"]}}]"
        }
    },
    {
        "model": "admin.logentry",
        "pk": 237,
        "fields": {
            "action_time": "2020-03-17T19:55:21.931Z",
            "user": 1,
            "content_type": 13,
            "object_id": "160",
            "object_repr": "160> National planning and infrastructure",
            "action_flag": 2,
            "change_message": "[{\"changed\": {\"fields\": [\"gtrs\"]}}]"
        }
    },
    {
        "model": "admin.logentry",
        "pk": 238,
        "fields": {
            "action_time": "2020-03-17T19:55:40.619Z",
            "user": 1,
            "content_type": 13,
            "object_id": "161",
            "object_repr": "161> Societal change",
            "action_flag": 2,
            "change_message": "[{\"changed\": {\"fields\": [\"gtrs\"]}}]"
        }
    },
    {
        "model": "admin.logentry",
        "pk": 239,
        "fields": {
            "action_time": "2020-03-17T19:55:53.370Z",
            "user": 1,
            "content_type": 13,
            "object_id": "162",
            "object_repr": "162> Buildings and landscapes",
            "action_flag": 2,
            "change_message": "[{\"changed\": {\"fields\": [\"gtrs\"]}}]"
        }
    },
    {
        "model": "admin.logentry",
        "pk": 240,
        "fields": {
            "action_time": "2020-03-17T19:56:24.612Z",
            "user": 1,
            "content_type": 13,
            "object_id": "163",
            "object_repr": "163> Collections and archives",
            "action_flag": 2,
            "change_message": "[{\"changed\": {\"fields\": [\"gtrs\"]}}]"
        }
    },
    {
        "model": "admin.logentry",
        "pk": 241,
        "fields": {
            "action_time": "2020-03-17T19:56:38.256Z",
            "user": 1,
            "content_type": 13,
            "object_id": "164",
            "object_repr": "164> Preserving archaeological remains",
            "action_flag": 2,
            "change_message": "[{\"changed\": {\"fields\": [\"gtrs\"]}}]"
        }
    },
    {
        "model": "admin.logentry",
        "pk": 242,
        "fields": {
            "action_time": "2020-03-17T19:57:21.832Z",
            "user": 1,
            "content_type": 13,
            "object_id": "169",
            "object_repr": "169> Dating and chronology",
            "action_flag": 2,
            "change_message": "[{\"changed\": {\"fields\": [\"gtrs\"]}}]"
        }
    },
    {
        "model": "admin.logentry",
        "pk": 243,
        "fields": {
            "action_time": "2020-03-17T19:57:44.661Z",
            "user": 1,
            "content_type": 13,
            "object_id": "182",
            "object_repr": "182> Understanding the Historic England Archive",
            "action_flag": 2,
            "change_message": "[{\"changed\": {\"fields\": [\"gtrs\"]}}]"
        }
    },
    {
        "model": "admin.logentry",
        "pk": 244,
        "fields": {
            "action_time": "2020-03-17T19:58:00.027Z",
            "user": 1,
            "content_type": 13,
            "object_id": "183",
            "object_repr": "183> Urban and public realm",
            "action_flag": 2,
            "change_message": "[{\"changed\": {\"fields\": [\"gtrs\"]}}]"
        }
    },
    {
        "model": "admin.logentry",
        "pk": 245,
        "fields": {
            "action_time": "2020-03-17T19:58:16.040Z",
            "user": 1,
            "content_type": 13,
            "object_id": "184",
            "object_repr": "184> Water, wetlands and waterlogged",
            "action_flag": 2,
            "change_message": "[{\"changed\": {\"fields\": [\"gtrs\"]}}]"
        }
    },
    {
        "model": "admin.logentry",
        "pk": 246,
        "fields": {
            "action_time": "2020-03-17T19:58:28.855Z",
            "user": 1,
            "content_type": 13,
            "object_id": "176",
            "object_repr": "176> Archaeology of the deeper past",
            "action_flag": 2,
            "change_message": "[{\"changed\": {\"fields\": [\"gtrs\"]}}]"
        }
    },
    {
        "model": "admin.logentry",
        "pk": 247,
        "fields": {
            "action_time": "2020-03-17T19:58:40.980Z",
            "user": 1,
            "content_type": 13,
            "object_id": "170",
            "object_repr": "170> Human environment",
            "action_flag": 2,
            "change_message": "[{\"changed\": {\"fields\": [\"gtrs\"]}}]"
        }
    },
    {
        "model": "admin.logentry",
        "pk": 248,
        "fields": {
            "action_time": "2020-03-17T19:59:23.525Z",
            "user": 1,
            "content_type": 13,
            "object_id": "181",
            "object_repr": "181> Rural landscape",
            "action_flag": 2,
            "change_message": "[{\"changed\": {\"fields\": [\"gtrs\"]}}]"
        }
    },
    {
        "model": "admin.logentry",
        "pk": 249,
        "fields": {
            "action_time": "2020-03-17T20:00:26.006Z",
            "user": 1,
            "content_type": 13,
            "object_id": "178",
            "object_repr": "178> Industrial and infrastructure",
            "action_flag": 2,
            "change_message": "[{\"changed\": {\"fields\": [\"gtrs\"]}}]"
        }
    }
]